file,category
ANd9GcQ-QkSjvhAO2PUo4kqHvKKshorQFRMekpYD06BGTtdeCmejp6LZ.jpg,cloudy_sky
ANd9GcQ2UGVOoL5duqauU4YBT4vfO1Abudb5PAWCf7V1Lc041JVWyBHY.jpg,trees_and_forest
ANd9GcQ3h7vo9eOf3BsUxnSEJ1BhGHyIZDpaTbiv-zKS94KVz_m56wbK.jpg,sunsets
ANd9GcQ3I4AqnWqa22WJ5cS_nxRsdKxvVgQBdxtHDGtk2jgenWo6lgp0eA.jpg,rivers
ANd9GcQ3UX4TVOnUTI83wm1MFi60JOzyJzYUsJVyKJ8Q6yHi4LEZoUE4dA.jpg,sunsets
ANd9GcQ4ngCd7aNf4Uezdx0Y0auIPqxkNiH4GoNliFw5g6Z0Xfa89NxDCw.jpg,rivers
ANd9GcQ5bxI1StZT-Skc7GLImMqAxU7f6R3YCS96MJuPYtmfGcu7nYoE.jpg,trees_and_forest
ANd9GcQ8wY8bTOiMbLlC3qstrkoWFjNkVMnyVUStMt4XdTp8QKAhtAwh.jpg,rivers
ANd9GcQ95I9SmXC9IFFx2H6pbyuMcUuNhtFOBEYaaUvHGxyF0spef8qU.jpg,sunsets
ANd9GcQAPBORQYPq7vAkwjr6MFiu0BAwrn6OzEMgSzSl8Yi-Sp8izacE_w.jpg,rivers
ANd9GcQC9j1fmFEHdPQUSHgBmUbr_NXDGBHYrbvkkbMTSF4KRq70dqMCyw.jpg,cloudy_sky
ANd9GcQd2sLf5mOFuTbkG0CYtw_F6nxXpKUinaiVFbFlmPWNXc9x4BWKug.jpg,rivers
ANd9GcQe3JTRLlmBK2bobjkG2S2fPFERWhCdsixliYq9irzDnZDQ35X2.jpg,rivers
ANd9GcQEglyvZZi7ZDFViCyIbaKTRYt-3Pj-_hJzGiYifLUY8iksy8Ii.jpg,rivers
ANd9GcQEHNCfr8JIHAil_oyHxXXj97VRu5IGMg_cya2sv_QosZ3L0zM.jpg,cloudy_sky
ANd9GcQeLQsxHSSmyUAj-zntq6-Puq6rgxIIABo-qA6i44WdzHBEYZD5kw.jpg,rivers
ANd9GcQf1VrdXdHtv7rpjiatXhN7lqLyvrggTks-LOHPonkqPwVywmG2lA.jpg,rivers
ANd9GcQFAUn8o8vCg5JdN8_TMDE3D4kCHKuO851PjujeSQojyh2x12CT.jpg,sunsets
ANd9GcQfhua9-COIt17xG2p6f47J4dgNjyZul2peHrstsAK-QmPXwP6QlA.jpg,cloudy_sky
ANd9GcQgoESCyh78mLx-hZcuIXYI6n_Vz_BUWgrgT8QCAyIrkI0q4-GP.jpg,trees_and_forest
ANd9GcQhbVM8cF4KBa_JbNfaoHB2FsHlr1jTzvuoY5HPqrDD9FPC5_aTEw.jpg,trees_and_forest
ANd9GcQhEuPWjen8rU1cxXFSxxghb-nnnPQ5aPRo-1nnsOt8VRE5pGCA.jpg,cloudy_sky
ANd9GcQHM_BeBTmDWzZLdByJREnsx2sG_I36mTZ2a13p7KyxVwReV5qfnw.jpg,trees_and_forest
ANd9GcQHnV55FGsCXu1KyVOwBF91xKt7tcSmFDAtF26sDNBxtAqDpwKh.jpg,sunsets
ANd9GcQHVL5tsNxB2QUi6iSp-3rM2npU2TrgmtI3vXdSHCRv7EUVZRV6uQ.jpg,trees_and_forest
ANd9GcQI2nttVJzHEK2dI6QAhhvffszcrElUVqNUqBWE4-ujlDPG4kaR.jpg,sunsets
ANd9GcQIA8sGpTnIG2mQOeFxgwhKLOjYR-chqllD0gryM2CZXRyRSN4jXA.jpg,sunsets
ANd9GcQilXJ9A-FWTxa6tYmOY-tVuPI3gy5JbwjlsIkUyeltauQ8hFej.jpg,rivers
ANd9GcQIS2RU_PZq42U_GTFHX_1xiGrnivKj8cmSs3veQRqZd2eibWFZIw.jpg,trees_and_forest
ANd9GcQISE2C1lVHBv5TgZeqxBOmUFPjAfHbi2ISgqNwPoUGUOHVs9SJXw.jpg,sunsets
ANd9GcQJ4MB9qjweZTs3qvix7YQGo1yZ7fwbAHxzncVffcEXlS-yVpiG.jpg,sunsets
ANd9GcQJDQ0mAGwOOV5vY2WyJ5LsbX3wpBFx0VsDW5_xFCCC-GXU016Lqg.jpg,trees_and_forest
ANd9GcQjPvS_LSPKiiwiczvZbbXNCqlpQK1nAbU5e_Nl1VFgb2fo7pqM.jpg,rivers
ANd9GcQKdYzzKwYZJHBYg8RfpGYMpHpVsn-S2C-B70_toPpJJu6zayNv.jpg,sunsets
ANd9GcQki0Rg3JNQ2Qtv4FUGub5YCsk7TFBDMRJZECbBSKKjrQSr-F2S6Q.jpg,rivers
ANd9GcQkUsy-_l5xFnT0lvU3UkML74uC90uHytfsv7vUQwSpXgNsRyMF.jpg,cloudy_sky
ANd9GcQkw3xgi-0fpgQbp6IVDxy3fpYcTYkeMnaUuhBnzkYgrTAQHksLtg.jpg,rivers
ANd9GcQLk343TNtdKIm2Cez0FCNQRoaAvT4ErPHsfbvpo3b4oI7r2TJR.jpg,rivers
ANd9GcQlt4qW_ijd2-JdjjI617P80tav1GU-CrF3RqCSNSZRWNu9bI9A.jpg,trees_and_forest
ANd9GcQN40nY6Okwg3d6q61keJGFbQXJEdP0ycZrnLYhaNUC8znmVlQj.jpg,rivers
ANd9GcQNGv5T6vc79K6gdEcENjpADS-pcO5KRByONc0aYPr-TA0EQJBXlw.jpg,sunsets
ANd9GcQnubWNfrZSMTAXzRcO-sVpv8grl5WSVZ_-HcTZ-O8bzc4-5ddp6Q.jpg,sunsets
ANd9GcQoc-K2MrYf5JnQ5FhPwtCvYk8EjbYtUtmdshiFi2l6Ds5wLBmUqg.jpg,trees_and_forest
ANd9GcQoyVwycL-7X1y0rwCOV7lFP3rnvK0eU26TsD3mJHn0wUGlYNt3.jpg,rivers
ANd9GcQP4Tq8XpBf1phnEOcac76ex5s9AAKbm5dSHiQecNtEr4gfn7bp.jpg,cloudy_sky
ANd9GcQpuOL6GaG-INJsfa9We7sMydXjclepWfhg0E1f0_W-Zd8XM0isUw.jpg,rivers
ANd9GcQqgNnAoeWrEqpZLf4yCWmcdrJVs9phLC9me95vy7H8w-OSnUMlDQ.jpg,cloudy_sky
ANd9GcQQOGZIvf8lzPV2Rt_q7YXgp0ZOpRzk6ggDssStsL0qCmr9L9DY.jpg,cloudy_sky
ANd9GcQqpU0IVJ6Pd6IDnA9ky_BBqpAcvuvhsA6iKtvq6KlenBFKcTgr.jpg,sunsets
ANd9GcQQTi1KRIWMrxOwyL9rpMRkV8kj0Tp4x_OONaDvaPSgF_smjSNl.jpg,trees_and_forest
ANd9GcQr2cOUBuZ38erUDRLZMTPsEN_lmuIxzFNAJzQX4n7HYpJg-GDG.jpg,trees_and_forest
ANd9GcQrap4YDEaWobDwwjBX4hBrHFMgflYeGi1rtJaGMNWo8mwHGfxjwg.jpg,rivers
ANd9GcQrH-zRM9kZGSjV4dNHPSKdDNMzVC0Uc0G5Xm4nG489N4lhLk1P.jpg,trees_and_forest
ANd9GcQRrtET-55F7Wa9n_NGyHnK04gALPx95nJjz7gQP5OCEAvNq-BG.jpg,trees_and_forest
ANd9GcQrYzrWr39lOdYPGHPcJnlNpY2-9i4myv1BQKjE5c4VYP3rnmSC.jpg,sunsets
ANd9GcQsd2zlwcqaM8khRxlOr3MWwnKFdZWV74tamImxMkKJGM81_NEK.jpg,cloudy_sky
ANd9GcQsEAE3mlJ42KwN995HE3d6ZX6O_NFuq25BaPMESm0qiHk5WrwfTQ.jpg,rivers
ANd9GcQT-z3CA-ipfbzfd9HlQJYRxjQkUvZ0U4BMtltd3HvhvW1lrotE.jpg,sunsets
ANd9GcQU7uznQJcsAkO31uom7h_CRvOH5QaL_5vWhdaogGMO2a9KaO4o.jpg,trees_and_forest
ANd9GcQUPrLjuU9UhZ-CgnGu9lW7Id-uhD4XUZ1Je62MWFBgBzWZjSUc.jpg,cloudy_sky
ANd9GcQuYG6atLonJr65opBbOkSwLNWsCXq1Aq4NUEPiDtHS-p62Dcichg.jpg,rivers
ANd9GcQvVu3Dh3dVBsYc-W2Gcxt-3nBQ5DNkT3OWf3m0wmuTABpbJZWhFw.jpg,sunsets
ANd9GcQvythiqIChLPcZn79ZBEcgDXXfzrd7piTGqEIAKl5RBxRNDaO9.jpg,sunsets
ANd9GcQvZ63gsA15CmBL8z3kOP7_haK0lI50-66alxPCSMucuyfT0GRG.jpg,sunsets
ANd9GcQwEHHS9sncprX2iQCC3iDf8JGb2fDU36PsrNqYEfcAasVIA97s.jpg,trees_and_forest
ANd9GcQwgaehr0E0BHaMthdfrvzNFB2SYelLMFXdm53dxC8gQW8XY0Rw.jpg,sunsets
ANd9GcQwpC0u43nlE58ZQQxHy9OprjmXoIUCfMRiZbMh9NyWQmRe7_vroA.jpg,cloudy_sky
ANd9GcQWUxwnpXgEtlWq99z_yo7ANyeKPEUPR0-EpBEgFDN5sihIE4c7Bg.jpg,cloudy_sky
ANd9GcQXh_q7diyH2JUHppCMxL1BkHyNIOPkRNedXPXI0UyqNYWSGIAbNg.jpg,sunsets
ANd9GcQxl-BnvY0FcPOh6JcZTbyPFRkw0YVv6RoCGIfVAAq2XG2EBBEAUQ.jpg,cloudy_sky
ANd9GcQxn1nBFqvijvZZKAtrMrzlzSPCMW-3OXSmAR6o5B4AgjlJXrFdRw.jpg,sunsets
ANd9GcQxQuoHOq7myFEOBYjbC5BxfsAgujMdb2_2UjZrmSzrqMLCbtOW.jpg,sunsets
ANd9GcQy38SM7FPIdFOgJx-lxE6jYOZ8v9mlBvOkkCzwi37uQOFk_ECWIw.jpg,sunsets
ANd9GcQyKo4Wzs8V_gMkAwxxHuElI_eu1g6EZ_eML6Gf5uXtb6i5A-fScA.jpg,cloudy_sky
ANd9GcQylnuigLTMUYnXCJ2eDCzc-62oGzZycBMEYu03OcqsyhFAevIjKQ.jpg,rivers
ANd9GcQyMqF8IpoU6tJBBdmj6Y-Ue4155iY8etszSZDxfUaTXEm_Vu5v.jpg,trees_and_forest
ANd9GcQYubbIKdP7-sidOoi0HlkrTXlyjRVoUJrpbSG4cPc4qeVAx4Sv.jpg,rivers
ANd9GcR_3XRLsBq4Pmn_cQMbNzSgl5ndRftnWbNTSliHLbryDGw5_3zBhw.jpg,sunsets
ANd9GcR_cXp2OoLPxX7XsdB4OQjNA9xEb_QyF0FZjkEpg_uLvEq4bcBQRw.jpg,trees_and_forest
ANd9GcR-9uJBhzFQV_v2VwDyyXDSV41agFJtPEzSmh-n7eFCNO2Sc3rv.jpg,trees_and_forest
ANd9GcR11qchLftFSnnxKvInArYrU7hNntDpChiGMx1crgEred9K4pdW.jpg,sunsets
ANd9GcR1g8-5TPtS8-xtdhgISnq2CzRmZ8-KXvpYNDFXMk1EZOLWmgI7.jpg,sunsets
ANd9GcR2BZ0snngDw86HEsaNEqGgL0Jn9iKyN0Y8KS3esqjuTME32kuCGg.jpg,rivers
ANd9GcR2YdeFWljyAemRcTTs5xhnn5ksn5miy_EWfy74GsX3WWEmrqpVVA.jpg,trees_and_forest
ANd9GcR4BJZoY3kwsdFLwvLYBFprlUy7fc8BILfUP3DQ4rcfifRtGncFsg.jpg,rivers
ANd9GcR4QsQWoWCMRiZcN1gl5M6pJpCDTJWK7OjPw5eg1p9uDNnci3ZJ.jpg,sunsets
ANd9GcR54UmzVsyHEnil-jh0EulldAYKVpkK1OmK-YU5RrZP64MJuK4lkA.jpg,sunsets
ANd9GcR7O4b_2_w8qPXbDEgZqpto6DQTil3B83iHTLRSt4RTsBxLKJFnPA.jpg,rivers
ANd9GcRAGtsFhxZzkw1mh17OVnGj4Dq5h65XrtkCAQ0pm2s19bhIygv-.jpg,rivers
ANd9GcRB5srqV9w9xebsPVXqCA0_-8WtMkJZGKvtJelI-bCvMFxSNy7-Zg.jpg,trees_and_forest
ANd9GcRb8NpM-WDNu3Y9jxvbruIdbG0cO2k00D7R0qeWOtRj5uMinpyi.jpg,cloudy_sky
ANd9GcRBc2YhsqJtDGHRz2lJwuF2AiSCpdHNqJ4GGftX0gR9_7oD41Jm.jpg,trees_and_forest
ANd9GcRbEIlpTp-nSMEbe5X7viJUfjs3F6SC7UH2x--vthamCgTrL43Pcg.jpg,cloudy_sky
ANd9GcRBpqh7TsGGWQoxlanO5sc2p7S2-UtRI7ux-Toupfe71klzQ3g-.jpg,rivers
ANd9GcRdcIVau51HxpZ8QzJPdd3-GWw7jh3YROr469VCa4kRt2RHZ3Z5.jpg,cloudy_sky
ANd9GcRdFgs9STdx6jCxCDy5G8FJoM5940zawU7-gjEMYkboThkzodNfSw.jpg,rivers
ANd9GcRdVCZBhQCdCEvojM4dff0BM-HSWCxb2usRTmt2rYt4rAc8o9YylA.jpg,cloudy_sky
ANd9GcRe2r2vvDw9mMmABVmzGADVcONhZ9t1kAsAu5HK_bVCDETzkgAd.jpg,trees_and_forest
ANd9GcRe5eLLC9D7Nzj9AiOa5_4cY32jt_uHqPZFipwqoluEJRH19MhMoA.jpg,trees_and_forest
ANd9GcRejX_N7i5o12tOlCZsfIfEV6E3vz0iyVc2IHiDEeOogwUYU229dA.jpg,rivers
ANd9GcREZ8Qu_AFmSsVXdHPRPfmj6IHsR2SvUSB1OtPiHvDT0rX9KQ3i.jpg,sunsets
ANd9GcRFHSKSdDzATojnUJjjHQ0TMyRmoQH5pNYQZZ-EOykBGr-A9ZEg.jpg,cloudy_sky
ANd9GcRfpo4o4xe_hPkK0WdwlzCJOsoTovRhM3-bNPAe1asg6JFRaFHZvA.jpg,trees_and_forest
ANd9GcRh-zPIgmE1LEpBCVmxXcMe_25nnpd84SYQv3Sq5uN20_nsgJBikQ.jpg,cloudy_sky
ANd9GcRhikISkbNNtw16ZtAlYh_lZWVh49RCXPxMhd82Z9rnZnwKUWv_iA.jpg,rivers
ANd9GcRHVHvmMxZT82zcHItbj0yjK--9JhmO_1_2FE6VV1QW4OMwSi1Q.jpg,rivers
ANd9GcRIDofyx6s0uPMUj0VWDmCLN24HUl1rvSx0knXqEIJCTjeww4Qm.jpg,cloudy_sky
ANd9GcRIO5XaGGaSsupcms5jLapQtaKJMFleQ3rQAspO8-zStUz7oVN3lw.jpg,sunsets
ANd9GcRiXSh4NU0wV_IJpO5drgYU3fmxUf7tPin5HVtXpGNETgBEZc2COg.jpg,trees_and_forest
ANd9GcRJgXOdMFRUkRirqPlnm07Q9SVokA4iormAac1gAt9pSi9_solC.jpg,sunsets
ANd9GcRk013RPmhGjm1L1PsCMtVYYjpX5mmBfXVstITIv1syWwxGkviRxg.jpg,cloudy_sky
ANd9GcRKdqeAuVVK7jz7dNNdvOOlU9ZBw5VFrqidP1wmn0o_110O_J2H.jpg,trees_and_forest
ANd9GcRKloBblC2BRcxI-nWl4ItxOAoRS-dYhEFxTy-MG8KuupePi_BB3A.jpg,sunsets
ANd9GcRl01YbQMEeEWdccPqD6xddxaUA4RFV9hjwbYwb5fjMT-kD5TNM-Q.jpg,rivers
ANd9GcRMFD96UFm95tw8XcPaBVarT_ziEsx12bvKROYCMeMH8wthOy3oow.jpg,sunsets
ANd9GcRMS1329FcoYWKYFFptwpOwqeEcYHp6ZyjJ71VfBrpFjFz4TEIB.jpg,rivers
ANd9GcRN08p5G0LxBCpNKAbg6DC2AEYDoh0vhm6tPUzTcGNUlfOIx3Xu.jpg,sunsets
ANd9GcRN0bCmWeVn_IknigwMXNVl7wxUv8YTQnd6-3t4DTFPWVNJq186.jpg,cloudy_sky
ANd9GcRNxOyKLOBSs75zwEEKlcJ2YG6cZQM5DhFAlmTtCB3dOfyq6LZB.jpg,cloudy_sky
ANd9GcRO3L81NK3mTOAs0Z3X4ZCdIag_qhDPKA4CTR5NLpZ465HCnaCRlSHduoA.jpg,sunsets
ANd9GcRo4jysKRdSVPkIKnRgUaqOoUNSRF54JG9NBiCFJODwNNG41oDirA.jpg,cloudy_sky
ANd9GcRpEwztZBDgHIZI7F5cola85hK7CTjOP_1beHL2HFXgHYP3OwA5.jpg,sunsets
ANd9GcRPimWd7Rh16tT5QVgBaio0tuEs3ksuAzii3YOIos7leFG537PI.jpg,cloudy_sky
ANd9GcRPUoI5U9i-gV3zCSgZcvXAC7sMvp6t8v4_X7-GV-qZ03puuBMVNQ.jpg,trees_and_forest
ANd9GcRpxih1jC_P7wwqld3Bu5AOhLKadXMOctLMczdghrpZjthXXXMe8Q.jpg,rivers
ANd9GcRQ_GTqzfPTHNVAcQgik2PQJZSM2fSvGCBwtXBli_hIcicDr6g4.jpg,cloudy_sky
ANd9GcRQrSkTuTrV3QJPvG2zpovMFVFmdFNo4vILMXHDSajFAmD4Leuk.jpg,cloudy_sky
ANd9GcRREX2zf3MNJrYI-5ZbZQ_TPGKxLchDRhJted7KV5qkXE4HN_hPqw.jpg,rivers
ANd9GcRSIwpOkGd6oGPDdm6ZHxpgOdbXxFys_077vvBBIXjpCLCpGIIyhw.jpg,cloudy_sky
ANd9GcRsMdT6CYcBWSX8YhxEPPLH__On0LhTeFIUe5eQUaUHXPZ5c6x2.jpg,trees_and_forest
ANd9GcRt9zdvXMmhN-fEkWeEgx0r0Vxcmc5M-1KvmL9iQR9wBJYKgMIQ.jpg,rivers
ANd9GcRtZIpBKtHGFL09r5VSPe3kuGep0KKUoKnMyUcFFiF8sNct40SOzw.jpg,sunsets
ANd9GcRudGwvwxv1UF0MyGZtdWxQ1B0lskqvG8mePsJ8pDy55q_6q0lP.jpg,sunsets
ANd9GcRUHLh6TC9j49aZTK_w_WF1UR7Fl_puYAPNBFnp8ygdnlnR0PpQ9Q.jpg,sunsets
ANd9GcRuVzYvkHAVB9rgmBVU4cNjUxTTVqm5g-aAgB5aNTmJmNrBpJDkCQ.jpg,sunsets
ANd9GcRuYR6GfC0lbwnbE--xE0xrIYwFIrY5O95ER95aDB65FW9PxyrOvg.jpg,cloudy_sky
ANd9GcRv0MEfgqjgkU8Btu37GgDK9b9XcckaWls0v2bE7pZkaq3suc_3.jpg,cloudy_sky
ANd9GcRwK79vbsGc2I2ytx_RUT1yUITPWncgjvkDjB-UyE3lWvCFoLzSng.jpg,cloudy_sky
ANd9GcRWOcNaDLoalwuqhYwEJXuK6lhXhAMDD1uHDg0WhpMDI-rBnIpN.jpg,cloudy_sky
ANd9GcRwt8Iwkhcj3ieRMRYPQx8Hzu5y3jgqfTh-Gn_ndxGcMWTwsAVc.jpg,rivers
ANd9GcRx8MBzZDR3qOzBhS8uTO3hQAsIulithQhpQtFt7DTBbtDKFQk5GA.jpg,trees_and_forest
ANd9GcRxJ5k9YdWKZ6dzKB6zJ5yIXl8rlCEp7zL31-RFb_gwn2_xW9uj.jpg,cloudy_sky
ANd9GcRXnsg3-d_trpg6BsLVzlgX_0qqRSOcbzHTlnrTXSBDSXfnKohSJQ.jpg,rivers
ANd9GcRXUbT8iXVa8gEtmHRMzwQoPRxoVX6oYZ9vFxJnBHmBVNVPpVLXDg.jpg,cloudy_sky
ANd9GcRya6gAV0-5EdRAbgwPHSkXe8gJBVcInO5FKVTC8IeZloyjhB2aCA.jpg,trees_and_forest
ANd9GcRYEzwV-DS89oATmmsPaP0xH4yWM5KHBYIJbGlUabmokEwLWowa.jpg,rivers
ANd9GcRyPn8zQuDdeVjclYTpPddPBY5Zq8rTRwsLrnUsRgjYaHt8_4AvcA.jpg,rivers
ANd9GcRZIg6Nosmg1XXZbvppBrpqfLLD6sV6_X1PBFZ5Ysw6btgETbsl.jpg,trees_and_forest
ANd9GcRZN8blCOZ3zFKr6pTsrb5k6coVp2CAxEnFydRNyG9iBgYgiNm9bA.jpg,rivers
ANd9GcRzSKm3g_XKLmXkm57o1iZFQzId6E2OmKcUo2e7KMX8S2k2seOYaw.jpg,cloudy_sky
ANd9GcRZXyVsl-m6pWA4vU8ILjEsOCMwyXiPw361j1utgxb2WoSoha1mVQ.jpg,rivers
ANd9GcS-uAzr3Vn1g-3J-fOzMlmUhUexNJlGhptP3iskrzstkZcep2wXng.jpg,sunsets
ANd9GcS0-PnIzpLwlZs75OAUhDkpL5kx6x1thWZY-48gVXpN-tp6SGK-Ig.jpg,trees_and_forest
ANd9GcS1b7jIZHalUoyRIMhs2ppkZrcp8-6t-Z2BCW-OzHb7C1EqXH0geg.jpg,sunsets
ANd9GcS3vY8dM8rT32CaE-5nDC7vMnFYZOJ3z4v3ixAfUB7-C0aaxMwZ.jpg,trees_and_forest
ANd9GcS4dFI2UwC-lrsyubk2gj7n09MAtUKgiie4-IQ660IhEJVeoz1U.jpg,cloudy_sky
ANd9GcS4r7-TEabtgEUXfu0jnM22ssv0I5T36NbJy2BokpVGOEOTe9Eb.jpg,trees_and_forest
ANd9GcS4RBEvrIjGQvpmp6G3UHqskV44zCv8yY6kSf2U7iNOwGD7fbhYqg.jpg,rivers
ANd9GcS4ZL__Cf8843CbWSYvNqElFDBckgLlLwSWff_VoySGPQkWSLSxew.jpg,sunsets
ANd9GcS5uZcDlPsuTq5Fhp1RokMeT1Ixb8LZezYOKdKfaOb3tTOfQsovEw.jpg,rivers
ANd9GcQ-6pQo9fg5S5QMcV8N8J54yYqrubYCWw-bq4-Da1Ku1hkEJEO3.jpg,cloudy_sky
ANd9GcQ-LMF6HugDQXa53SIoj6Vy-hc27j4ZGBnzYwO4gsCJIVSIPnXM.jpg,sunsets
ANd9GcQ0AS3ipXjOLQLuepakrKNUkyjUPNFVaQAkw0Pr_etYlw7lQRo3Lg.jpg,rivers
ANd9GcQ0LcwKTh6gamDdTTGWPMDR6IITl-Ryw0DSNbwY0oDMmeUzjm0g.jpg,sunsets
ANd9GcQ1gxwA2R1cuEk3UGRu9KsEAak-byI_5fPo_ZiIeh2fvK2L442u.jpg,sunsets
ANd9GcQ1Oc2K6e09gniWmIv3VCGK4nIgr950y3F4uYpyWvqHZrqvB-hC.jpg,rivers
ANd9GcQ255khjGEkc4VnLgj9Z24jIy8mATtDo3B37v1lWyZu10w_TvmW.jpg,trees_and_forest
ANd9GcQ3QBC1wd4-PmfN7eiSNnXF_CB_WZMSb_qNF55MTmqxSoALUXyl.jpg,cloudy_sky
ANd9GcQ4ARLxql3H0gL2HfnORyt5CORfwUcBGyYm6QbZ3LoQD2mM8p0.jpg,cloudy_sky
ANd9GcQ4xQ4yZJruTBDxeUh-LiXY_jYACdG89W-mgxzr9j2KgSIO-tikVg.jpg,rivers
ANd9GcQ6cVDXvUc7jyi9jm328NsCpE4rzieF9ODQl2BF0c3LgTF0Wq7zEA.jpg,rivers
ANd9GcQ9Be07dZXIkJDxc3gxs--0y1lkhBu8B1Lxl8BewN7vK1h7TfYr4A.jpg,sunsets
ANd9GcQ9bmfqW1TlE0a5trMTW86tzYJoPLR7HPOWh-Pg2wXmvApSQADj.jpg,rivers
ANd9GcQa35xTzYNjAQNDmtLwFeDlzmWaIo8FCdO2s5vDLJg0UEMyb7DN.jpg,rivers
ANd9GcQaMTGizr08BdDihGFW22sxHyZUFZazT0-DhlYUjZLceKYUv87Jvw.jpg,sunsets
ANd9GcQBmz9VBm4Okn1pjl7lqfdP47hq0PxOHtnNtjhFOhSoE0doLQzW.jpg,rivers
ANd9GcQbo-L9LD8o1IRMgf96ExpiQJrpmX8Vu3v-Ngjf6NbDZjD6xnuYIQ.jpg,sunsets
ANd9GcQBQJncxQKcm335M26pQvhSqS9tPq9BMQFzrn8tOXKhpOrqYi071w.jpg,rivers
ANd9GcQCCik_LEJruiEgOtArU2u32BeoQAK29sSEtQC4VW9Km7maIWQWzQ.jpg,rivers
ANd9GcQCV8_89q_UtP6v7HpojrNvIlDKIFcGVltUayatuPhAAal19B7t.jpg,sunsets
ANd9GcQDNJchDVh5pfEMu0TT8RCOIJxvxbiVsVaQ_8btYQ37rwg1boJ-.jpg,sunsets
ANd9GcQdpiUBzFbkgMETcOsZjsAdwf8eIGMTUGqzskpvug9hFJr-iIuO.jpg,trees_and_forest
ANd9GcQeme67tTCcvFbjg3xtvKPls3300iLBXVDEUfy8mx7yWaCAIqEWAw.jpg,rivers
ANd9GcQFCFLbKjNda3iUiiwOrZa-Uk7-voxpxFCZ_IpRqsLstBJbTNDE.jpg,trees_and_forest
ANd9GcQGbFoZJnts-CnU_98Q_QgKj7LBYJMekUryZs9tZjPaQJac9E2t.jpg,sunsets
ANd9GcQgCTRJROBCiF-kcOxAmwiKnb0UkY3aqtQOCPvuvoLOVwKXZqkw9A.jpg,trees_and_forest
ANd9GcQGuNARgogEzk3ijLHZS9WrkXg8AkDuXVLtaJUMM4FrlINsI6-d.jpg,sunsets
ANd9GcQhJdJuTXjLtL2kX1DssvoyqX3NOAUeDryhvokO-w1jJl_0SCJ7aQ.jpg,sunsets
ANd9GcQhtgoJuP0f8V9HiZBcOSvMpOnR199auPN3hHpb0i3cYwFkR7Bu.jpg,sunsets
ANd9GcQiFtxzAVVZt6GLVFkuHodHKeiooASlYpv-fgSqnqar6AvWX3KAEg.jpg,trees_and_forest
ANd9GcQIVjs94krEQ8_R7iTkS4j15d0yc5xow7YY-RlxKpRTPQwvRWf3.jpg,cloudy_sky
ANd9GcQj3sU9Gf4MfBQaOnrpAFByyMZqWuhONdRfC-TNPTofV8S21BgtYA.jpg,trees_and_forest
ANd9GcQj6dnATgWgvI_5ajMhFMNi-YQ5F6gBETGanX53pf9arW08czGT.jpg,rivers
ANd9GcQJ7Zh5SXGgX1bxuhDfJQYRnd-cqU96i8lvWm5GEKxM-5YX9FSIjw.jpg,sunsets
ANd9GcQJP3_kfFC9MPAgotTuv1aIQAXu0t78hsWWUjznxmkilhgnQzcv7w.jpg,cloudy_sky
ANd9GcQk-WeL6N3tb6a79QiUQs-dDp-PI_Ye7dHviKjJAoj-IvN69rQiDg.jpg,rivers
ANd9GcQkiNrf5h7C6b51IRHp6l2ph_iOheb37huKzNw9r4BxFE0hwGi9Cg.jpg,rivers
ANd9GcQKjLqmbb_xkNt3KNgpl7KVztn8YYDRsfZvlVDGCkusx3NFH6xyCg.jpg,trees_and_forest
ANd9GcQkM2nQvq8FPmcA-T6DchVkGohw-sp6KbqMaTtFds61p_0-rLgzQQ.jpg,rivers
ANd9GcQkvgbtAHAcAQuR_Cx1Cka0X8e0_ExvoAArQQHrBX6drd9WlLP1HA.jpg,sunsets
ANd9GcQL_1nrlxymSF09n8ilgnqCn6SijOauuoDMh2JiAsSeU5zhhagJ.jpg,trees_and_forest
ANd9GcQm3Dvfoztf_kp79I9Lr487O3KOFJeo9q0E2TmbrBr9hz9MgKcB.jpg,trees_and_forest
ANd9GcQMLiOIwamPqz4FKFXyUH_hf2bstJvVft__uyvyFNzb5b9lyA5A.jpg,sunsets
ANd9GcQnoD2vheoLFeC5qR_u9lcApv4Rlz8A_mHe1Jlpf_sfGHbzporW.jpg,rivers
ANd9GcQnv0pUXS5Xl3ky7Ku1rCSQZrV6LvuoDwxdWXXc2wk8eNT28i0C.jpg,cloudy_sky
ANd9GcQnxvEJ5AWcEGKUHWBzGq9liE4hyLGsqeiri7qdGxUcKws7U63R.jpg,rivers
ANd9GcQnZHVefsHYMTQ0GyJSCnmQ5hCQUHpz9a42Mo3c31GuZeppOPKHow.jpg,rivers
ANd9GcQO3YqxAxRhmweSA-P7cG65l1ks-7FI796UhK2q6oFy8mCOo3tK.jpg,cloudy_sky
ANd9GcQoM53rcZqmgRIhe4pAUYFCqpvLwlfZ-8TLVkE0Q-sn315dvrt0.jpg,cloudy_sky
ANd9GcQov2JpsVI0UO50J4NiyhsuxMNw90ffXe6U7PCHVJeQFIUKLZ4qdA.jpg,trees_and_forest
ANd9GcQPpSzkX5_LfitE4KqfMBxrDqzgedwMI8lcIbQPrDOFfu6GJLB1.jpg,trees_and_forest
ANd9GcQpRCbPjhEM5A-gHOs4MxNXV-p8UJ4frkHBwpgGk6qmbPLIGX9q.jpg,rivers
ANd9GcQPtkSzAaqQJIoHlwwmjZeFef_RukkLkxfaJzTkNtMXfuYYU3hl.jpg,sunsets
ANd9GcQQTWsm_sYmfgzkJON27THSP0TztjVLEEbVSlcIe7lZUUajvwHRxA.jpg,trees_and_forest
ANd9GcQQu3ojtg_WSsdPM6X4iNaoejKW58tJmz8gEwBegOmmTAwQ8CXmaA.jpg,trees_and_forest
ANd9GcQRGgfn4bVYXEnpl1-RrFp2QzOoUyBZwRMX3Hwj8WNIPmmMQVoF.jpg,sunsets
ANd9GcQrtO368YabMWhlZg8yPGK-XA-k5ZI2Tt2Bq4sgMtbMfsPwGJK8.jpg,trees_and_forest
ANd9GcQRx2vZQKPRMPa7j6LSLPsAKAgLOnoHuosl2LP8Jc0Y3MQJFJv7.jpg,cloudy_sky
ANd9GcQsrr5LReQWOppF5LTwkOyjC1k33p8HG1Bn58lDv3AmYRoSsTp1.jpg,sunsets
ANd9GcQSynaKOEEaZKSa-BJCsy29KzJ_Q778btizpxrE-MOhDb5-l2rxcg.jpg,trees_and_forest
ANd9GcQtEAQ5WEY6aiaaPCPHFZk4z0NGd6oZ5Te_nZHDckoqsLlr4QKz.jpg,sunsets
ANd9GcQtFjZzNBLOpzTLyt7eWW7hTIvZQni8UbHZfJjiRXohldnMmgsN.jpg,trees_and_forest
ANd9GcQUauskGV2h3m9YH2CX0VC0OvHF4jL1GdUxZ_uM5YSySjl8oWytZA.jpg,cloudy_sky
ANd9GcQubE2twZZ5ti1N-yG0bg094XrjmBy6vlnFul9SGe6e7b1IaMIpPA.jpg,cloudy_sky
ANd9GcQUC7bjm67c0EAub42zr2BiqBQ5osakxoFZiDibqoYWUehVML52.jpg,cloudy_sky
ANd9GcQv-LbTERdjHNvfgRT2CA3W-9HHmKmWrKR-kjNBnW8IqZ9B45I-DQ.jpg,sunsets
ANd9GcQV2VuOnacUOwUZ8vqvSL4uaLLntgTRqnPo8bjV-npkgItZXaRK.jpg,sunsets
ANd9GcQVSV4PiEMenWys7kH1QVPmpbV43zbfTdu9-hWbVfpeAxbq8XVQEw.jpg,trees_and_forest
ANd9GcQw-bn0VuKmsAoNMZDIg8Riej90cxMyyu9n7xPgPScu4ciwUyWL.jpg,sunsets
ANd9GcQWa02JP_-LQNysjkhufzln-sL3QPj_ka__scvNWd0ibnt1EPSb6w.jpg,trees_and_forest
ANd9GcQwd7IxedqNJgL_XAfVMmljq8M0-bb_6K49SHK2bn8lbpjfocJ1FA.jpg,rivers
ANd9GcQwJC007HVv01rNsCW48UdnUvvk2O9AzvyYrJaVQod06P8ll-Sv.jpg,trees_and_forest
ANd9GcQwt1PA5RMe_id68Y4FG9Dx_Ykh6MNjDvMu6VtZz6FpkOjtMl-Urw.jpg,rivers
ANd9GcQXhO4WLHnzFBjrrXA0pCegOE6_XDXPxpcBKDJv0XeqaHPDoITxsQ.jpg,cloudy_sky
ANd9GcQXlNshRcQ7WX_PrDXQw9esYY8MKy7Wmacg39HEEDp4N2FSsUWw.jpg,cloudy_sky
ANd9GcQy4uqZufq4TT9jM4tTHCQb47MU6PK44gaL3h-WYjvxq4HQU1yUPQ.jpg,rivers
ANd9GcQY71eLp6Z3qb-m8QiW-urhxVeKhGpC_JFqgWDwtuM27BeMyW-w.jpg,sunsets
ANd9GcQY8AoUx82g1jiYIRYazL3BU7DhLsR0Ydy7V1Y__rQfGyu_OcRJ.jpg,trees_and_forest
ANd9GcQyjcRGJits5hRypGoCs9BLBScDCm34YsPINciwlNnDod7lWuSJ.jpg,sunsets
ANd9GcQytuYFuMEGWjl8q2dBNlfxecBZ5wyOPNMMfqmVffrNfE1iqzmYSg.jpg,trees_and_forest
ANd9GcQYXnPhvKwOXyzG0U0XULdrnt0enuJADhuDuo1UWMFA2jV4lUu6.jpg,cloudy_sky
ANd9GcQZ5eZbzXBjzQakISNtmI8ZeDj8fEtttElUnsK5dBEWrXIOetP_hQ.jpg,rivers
ANd9GcQZ6ZKxfRN7ixcj1cwdMHJP1cSKmtpa090W8cikckkYiZAeFl8Q.jpg,trees_and_forest
ANd9GcR_09vZLKNYUkOFtc1y_rkzMOpO0e6VS0QaSqDNnz0O1i5QVi3t.jpg,rivers
ANd9GcR_TUSVeoHQ6bFBq3K0JecGiFiAcDd5wdx792K1lWsoyRguioRv.jpg,sunsets
ANd9GcR-49EKnWR4zyEqtMUS4ceZrnCPzsLcKk-9XWKmWf2PcvR-Wcwt.jpg,sunsets
ANd9GcR-W79pLTWmk8fK4MOagNdQ1rfgBx49Es9_N4ryyPJgQC3djRhZ.jpg,rivers
ANd9GcR-YX1KgguWCg0MNxzSDxogqGBxOVyTFN2SseQWX-8gK62MN83xVg.jpg,trees_and_forest
ANd9GcR04DFOem_nOZbkjwX_3BDAXtiPmF3mag5mwdlwAnZH5ceFmGoh.jpg,sunsets
ANd9GcR0mDbuzswoRDFaDUKQQ8NSHVGXI9qpwOL935KvfdXa79PZPjlW.jpg,sunsets
ANd9GcR1VpkRDw_05P_-INAk9QxD7sNBKsmjH3GOx4yAnUKCfmI03PLx.jpg,rivers
ANd9GcR1ZoGvVPetGeDhINF9g8ycjdvPYWiGSduJNTFLakwsET9Y9CJR.jpg,cloudy_sky
ANd9GcR2xvU0J9rTDVrcFAgtfar2iSk0ENuCgsH7KRmN9Uf6BR-S-GZujw.jpg,cloudy_sky
ANd9GcR3I747ED1yQr0vRQLbgoR2XYmu9fQQk2fNi2hiscvWzsl6CkGxCA.jpg,trees_and_forest
ANd9GcR3sUSFf72NfRaihSn1s8iIUHIFjISWVl6FFISgexWXThKw0N6nPA.jpg,sunsets
ANd9GcR4IWQcW1SjjK8fesj117_DCqwU6VXTy1-lBJ_kwiVV68Q4m9mm.jpg,cloudy_sky
ANd9GcR4JQUjD9Xc0Ff-ur2ndc5B6t2OUubT__vroUH4mNulqx8Gw9WF.jpg,trees_and_forest
ANd9GcR5KCzelXbbMG4AHVmmVf7CnGI2Xb0exYFC-uQKXnwo4mSNny4Aew.jpg,cloudy_sky
ANd9GcR5ryGyqbmf8WkJ6PRC4bQuJAkNtnEgclJWK5uZLgzZYMIWjcb9EA.jpg,cloudy_sky
ANd9GcR7b1E00mp4hxZ-ytqFSUHhDPfiQVpNpj90WRD0T3X3Xc2tPNNI.jpg,rivers
ANd9GcR9gBJFKLDSbaYQfHp7dKMxAToEA4OK7zrI-AADSzFNuhgxZff1.jpg,rivers
ANd9GcR9ICU23d-92vQ8b2wSRw7PML4oUNP-we8i6Vru_TfqJQ1-GaXO2A.jpg,trees_and_forest
ANd9GcR9IwC4NBnabxJQncvYeCiwlTwJik1QrS8untHgVJKN3D4p192m.jpg,rivers
ANd9GcR9rxu13EgmIrz9cBvHkyLiyFiJ0VNDIGfPEpsM1SfZ34jXB-XD.jpg,sunsets
ANd9GcR9S6R7tyDek8BDsEoW9pLDLWjuD8udLKlkWLQU9uHaargmDJIF.jpg,rivers
ANd9GcRA2IsxQfsCnxOVDxmounLG9W2Cw3luicVlW77huch6off1qAW0JA.jpg,rivers
ANd9GcRaeznx0MYpw2G7wjxH--CR6zizI1JHEdVwzVnEFZxyJKIvB02c.jpg,cloudy_sky
ANd9GcRaQsFVb7kRdSTdS9i_83rMTGCXcnipy3WBWBa-1UsA_JYPYExhHw.jpg,trees_and_forest
ANd9GcRaRe67DRoSNEmVUKdLB1WKOuYoB8f0vcexRasG6-Wc7xS6NXOf.jpg,trees_and_forest
ANd9GcRB4_bqmD7pcTZ4BuTVUFdSLFHms-kc7FZCJcJnw9eDFcHrqq5tjg.jpg,cloudy_sky
ANd9GcRb46AFTCDUDU1mySwVje5VGeEW6WerxOFltY8tsdtX1ExKvleXKw.jpg,sunsets
ANd9GcRBaacedfTfxlzjyPY2HK0HOJKXVMWRMzlbYt1QcyI1xoWXkpXeMQ.jpg,sunsets
ANd9GcRbLtSBv5a54bV21_ECK_YGtS-ByKBhnbSWxHqkzIezyCsEj4aR.jpg,sunsets
ANd9GcRBsG6zxNj636qTC6HdtTQEMDTOmwa2SaYJfsa-izefJJGC8DGcbA.jpg,cloudy_sky
ANd9GcRcedu6k-_CbdlOp7v5HTuYn0YZ58Wv4PrujnC_BCDb0i4gw7N6Vw.jpg,rivers
ANd9GcRCL03eBNwRmlIVdBs6HLeZW1Yw2-GQ3_F7zjUuMHLaCxQEZr3_.jpg,sunsets
ANd9GcRcTIVnBszGeQc-FObGLRjxkJRVW_ZmkaSakWwUP4gZ9sME3Yy5JA.jpg,trees_and_forest
ANd9GcRctsS1SN9Kvcp1j5iMjih4jv9JrbL5xCHMSWSW0na76Q7bQovw.jpg,sunsets
ANd9GcRD-LKS0dvt7rUKKFncchBMulsh3ZtW1bnc1_2k4G9MkRS0HpqNbQ.jpg,sunsets
ANd9GcRD94TAbd4Pw_uLY2nleDbKnjOAoRrDpt5VxTma-XF0nZcykJJ5pg.jpg,sunsets
ANd9GcRDg9NtZddQ4uKkdvGXBL76T_JeBqoovwKqyC_t2-xcWji5_ugK.jpg,sunsets
ANd9GcRdRsJaRC6KENpR367ZsQS1SUA6UgAxy2dB8cERdQyRRTrVjUko.jpg,sunsets
ANd9GcRdsHi_PwhUF3-9lVHHCy5COZoLwJAOYU80b1FWhC6IkwDNMbNB0A.jpg,rivers
ANd9GcRdZd6pv8D7DBPRZAO9tXy-HAyGSKcZg6Ebbs7l3i5xCfgu-YSC.jpg,sunsets
ANd9GcRe1Q5IB20Ma_cYJLshlZTysKVqvD4L3DLq2eBza-LUlXfZg3K_.jpg,rivers
ANd9GcReodbdyoPHeKQ45JKuvYy2FET9FQrOfNFL5nDTyT-dMnpE0LwN.jpg,rivers
ANd9GcRGhufKgBZb9mFZR-FAd6CHm4TaKH4hfE1Ur-iptzEOHl4s4MjH.jpg,cloudy_sky
ANd9GcRhF0P5E1Y-F8FHhHkHJa0ec1y4fa78ywBE7Mu68NJWXMP9RbqXRg.jpg,sunsets
ANd9GcRHGdeJnvFvnXkH2PmzkbDzoHzdSbMuO2ks8nqmjtJVCCCF9Xl1FA.jpg,trees_and_forest
ANd9GcRhL1IJeKEURBZpbP2shUQ41xrIYryPtDFsg2yKno4FawMshPGRkQ.jpg,rivers
ANd9GcRhVFm43G7c9h5odpF7o_SK0QeGES0AbtzymuyoDJiz0AgoZdwd.jpg,trees_and_forest
ANd9GcRHWdFeoQcQT5A4iWGdiNyKw9_WLEn6Yvjz0yjh2-4tuw6Yd9Bh.jpg,sunsets
ANd9GcRia7CnAZAreMp2vebaxSdcqEReDA_gdlF1Ssd34PXBIGYCpsVFwA.jpg,rivers
ANd9GcRIMwT4qTXrvOWamM4B7dC1TVtMusuV54k3AkzddRkJZ0SsuMCoyA.jpg,trees_and_forest
ANd9GcRistxZ06R89j62g3LvqXh0wEVDSR5kvGI0FVZkp0K2C-nNso3hEg.jpg,sunsets
ANd9GcRiVGX2-ar-hH2D8GAXCxLT_uW2pQSTLut9T-sF9ITJ6y9u3S0Vcw.jpg,rivers
ANd9GcRJ6z8T7h9qPqIAPH0nTuN-0qsOmYDnAKunm1ThqsLZHh62KIai.jpg,rivers
ANd9GcRjPqRdP0p0ImNoS9Ey2yvUsxBVHjV4FF4KjF5vIDd1ffyDFEjgBQ.jpg,cloudy_sky
ANd9GcRJrwYqYKJaeSokzbHnmfYMKh_QLcd6Aj-Bjj15bDYIs2Ec2GCO.jpg,cloudy_sky
ANd9GcRk05mYkqARwt87BQNGJ20BNbd4fb_eaAFd1_hval70sa7P_KomMQ.jpg,trees_and_forest
ANd9GcRk42vFH08TygmvldqZ1IEDPcHIxR_Ilcn88iTXx9PEhjGxfAre.jpg,cloudy_sky
ANd9GcRk4hPxkcgok41sjVCGgyoscE_bYn8Pb2S6-8_Ppy7TWl9sDLHI.jpg,sunsets
ANd9GcRkvq_jSrRFA3ZIDA2Nd_zP9VgetqlJyACwdyF8UdIVRmoPTreFZg.jpg,rivers
ANd9GcRmGhuHn7UQfIpL0Q8mdNb_L1pNH1NgSIKnT-3ypcTGvAfvlB7C.jpg,rivers
ANd9GcRn1a0FRSODbYAlzwMTd0VfIzbftWztX1-M38i-lwZ3hK4E2AYJ-Q.jpg,sunsets
ANd9GcRngY_ccyx-WyzxfA4LH3F_Z66xh7FZ0EsxKZIqUUTZrN6HiaCRCA.jpg,cloudy_sky
ANd9GcRpCzdH_pBlgP5s8yr10IDSVme2gYJe1m3S58h7vbiiEHuIsDkKug.jpg,trees_and_forest
ANd9GcRPQowxaXHVSyfep_8onh-Gjg6P1J5Pux6rEUe3Xuq25aeWwn82.jpg,cloudy_sky
ANd9GcRQgpJHwlt5gbz8BH68oPoNxhVm9qBK7Rh8eE2OIJqFyKMvGeigVg.jpg,cloudy_sky
ANd9GcRQK8SkQW6ggqdPkeEW9WOzI2DQQefetCz6DgXeM_9ELiDnYquF.jpg,rivers
ANd9GcRQxyP9gryh1o9QPDrDu90z7W8SliPKOESuhUv59bOjigwuMHRWdQ.jpg,rivers
ANd9GcRrD4tJeF40-kFDCwthROLvIISDtX2JjIJRFDSTMZFb6c3s8d4l.jpg,sunsets
ANd9GcRRf0d8e7GZfwKAl8BiMqwj74Z24gerEfmTML_Kz8s2_PyMMGXADg.jpg,cloudy_sky
ANd9GcRRGeS3amgQVKRXfqXQJ4RnDnUNTBapZiTIn_7yg6QOQASWSXl5.jpg,sunsets
ANd9GcRrLwimW9yDEXJ7V0ijgSp8VnmjsSH6aBKFIE7rRQL6LmMjA3PQ.jpg,rivers
ANd9GcRrY2THnOf9ZG-w6xwOBLS2HkW3svO45XnxDB03Aer4uXS9NFIn.jpg,cloudy_sky
ANd9GcRs2IQBEdkR4WsbKMo7OUCVnxBNqHIlV7wIOJ0SsC4F1duYpbEaUw.jpg,trees_and_forest
ANd9GcRs4-CSokZQJFe9vodGC6fK7ouonFopisgxltdHeLmmR85ny4hA.jpg,sunsets
ANd9GcRScYWqbMMB9bj6yLEDc9sVBhKuLpkGX6XDlXUIDvVKeARTMG5V.jpg,cloudy_sky
ANd9GcRsIg2TZl6pjcNPuv2GCitt_8xOri7sS__TPDeQDIhoUTDtLg-u.jpg,trees_and_forest
ANd9GcRsRtXC99VgtFADfjxR7IRX9N5kLKBNO2T2hryOrOFiDM9ZIQeg.jpg,sunsets
ANd9GcRSWR65AeWYVIKHCkLl8mpm4SGUzgumv76hUTk0fKBE9si499_n.jpg,cloudy_sky
ANd9GcRt_BMhge5PoBgMtU67r_8yJdthZqrph3pw59NElnxxaUz4TS_SfQ.jpg,sunsets
ANd9GcRt1n6OZtYqj_POsgvInxBWxw6ItzPNy9yIoD5RGPcGFebaBuHg.jpg,sunsets
ANd9GcRt8xMt6eG7CaEpSqYj7cXhqOyOl69wd7gH-I1zSNwwWc4sMIwcrQ.jpg,trees_and_forest
ANd9GcRtzO5SYtgYtDyk8Uib5Bws0rR-3E3ZygnFCNgDKWBCNXCqkMrFcQ.jpg,rivers
ANd9GcRu95j9inkWXCQGEkfpyBG7Gf5fTFGRyhCoDZCyW76CIQtijqRopg.jpg,sunsets
ANd9GcRuFKg3GpamabvtGK-nCloi2Y05VvAITURdJbs6LXMG_Wubp3tg.jpg,rivers
ANd9GcRuM9jj0NZmoAvB5jMOtCg01f-Ng27IjKjCMX_1cqa9rKk4gqOt.jpg,trees_and_forest
ANd9GcRuO3b4nk6LV75AvziyCBXB0kySrMvSc9Zf6XOk6IPkSI9POVoy.jpg,trees_and_forest
ANd9GcRuqqiH6x8JnhYCBGmOXoQ1SSvAfN_HlDCqhihjZ7G1Q_rCGAM6.jpg,trees_and_forest
ANd9GcRUt8jKL8-IyyrSsXu59U9ADwOya0H6YVANHqhWHvhrKTX7NZ2r.jpg,cloudy_sky
ANd9GcRuuTIRSeeMYml-_jjnlGjVdryoxN2-y46xgp5tsIJDMnD1WIlmWw.jpg,cloudy_sky
ANd9GcRuxZOEZio9nFDcfasA4HjEdeKPbAuLo99mBfue-qoa_lCcUUKP.jpg,rivers
ANd9GcRUzIv1WgVl8Z3Osprgg9cYGKOuTdH5zI2ohrSwHFGQsITp_fR1cw.jpg,cloudy_sky
ANd9GcRV92WS4U6jfUyHc9e20OUWJPU4k6njMybdMolWk0QKoyFG5NyrQA.jpg,cloudy_sky
ANd9GcRvDqFjrTSGklmx4fAZU0wSkpKim85xSP3847LSZo2SQ9O6DxQx.jpg,sunsets
ANd9GcRveQvhBeHG-ykC2x12jRPyNYgiDTpqSVXUMVmtXQc87x4AD-Mr.jpg,trees_and_forest
ANd9GcRVFOBX9-IMu_nG1p0IdcOXa9faX6cgb7fy8pQJdeW52Ydhuxnw7g.jpg,rivers
ANd9GcRw5gbjJzEa740rMLMVCZ3fHsOF1yiLFh9ww_Ur3CFiH1t5g6ljbg.jpg,rivers
ANd9GcRwjKze2v_vvUiAFVmCwByzP4MDpA8iKbVzwifo0Lj2X7PP82mxXA.jpg,rivers
ANd9GcQ_MYLHdE6eNM6DwFHygumkXbQc2rymDitibdBJaEUPsJUFg39gUQ.jpg,trees_and_forest
ANd9GcQ-HRsM6J42Mc2BJaSFXbxIidQEep8bjhaHdn-xUCfw91f0MHtE.jpg,rivers
ANd9GcQ-yIJezGGCylI2cGGcg9bwTOiVh9iz0mmqI6KVfsdZZqvzBSfQ.jpg,rivers
ANd9GcQ03vCKUO0WH8yUmU3Pt8RFSXpREVrUva_vN7dZnRo5OIt6xoJw.jpg,sunsets
ANd9GcQ0sa93MklyNXW_oukodvV0P1-Wyl_bpOLmibpxxbYEkkl4_2Mc.jpg,trees_and_forest
ANd9GcQ1D4YUCLe5MCG4xd5iNJGh2f84w-oayS1Gwo4x_hWGthcKB3X9.jpg,rivers
ANd9GcQ202oYoqyMIVhVfSsFu-jmY2KfNQYx5MZuJ8NmwE_DebUmfi7Q.jpg,cloudy_sky
ANd9GcQ3G3vcXYRM3wDt31_Uc5M7aZYoNkR6oz1K3qWfXriPQTml3H7J.jpg,rivers
ANd9GcQ44Rr7AMWW8pt_rVDDlyrvaOZvKxTS4MYbDxdanNe8I_mZavPQ-w.jpg,cloudy_sky
ANd9GcQ4aRrWRi7PaKSC55a-GHGqEnKoWe9WIcGPI-1ra_2vAJveUEPaZw.jpg,sunsets
ANd9GcQ7o765xVKBRmxQV86d_tNQDLYtQDdqTVEkq7NCQaOaNwgKDmjC.jpg,trees_and_forest
ANd9GcQ88hel4_MLyc_zJjbxGX3tDkb1GCF6aGNx0KEll3c9Cpxuk7-p.jpg,sunsets
ANd9GcQ8aVsiop_6jvwv9gAjF-tM33K00W2nR8o-taJIjEKcjt0OmwlmQQ.jpg,rivers
ANd9GcQ8n7XwIJxEZuJkxpWSqAsSxoR4itQBY3-Uq8B7Wdl3p4jvp4Tw.jpg,cloudy_sky
ANd9GcQaoOxrMFowXI7eQDHr6d8Uzw5fOgUAKwZt3LpuPYAOCwk4yOwCxg.jpg,trees_and_forest
ANd9GcQArho3P1-HKCO0CaxP2b-rdOM9GWOBCny0ZkhZV_-Xxn6iZZX2.jpg,cloudy_sky
ANd9GcQbM19ibVFi7quH_Jcn0f1j-FuQteanv_cmL7Cnc2YKAlV3Jjj6qw.jpg,sunsets
ANd9GcQBQVSSR6g0Yyi_I94Wu4uc0Q9uTIDm6nx_yFyNJJh4DK_b46Z7.jpg,sunsets
ANd9GcQBrvTM9C7sj7UndKDmJz4UZUdMe5ZpoHIIEfUg0iRPW1ycM9gsRw.jpg,trees_and_forest
ANd9GcQCpmJHNl41fvMwqPjlEm6X-pHhneT6heju6H9DRz9rBMeSfIwkpQ.jpg,cloudy_sky
ANd9GcQd79AVr70cCXHbFN5GTStxxyiLYstdCUfhi8eadj_Npb6VEYQY.jpg,cloudy_sky
ANd9GcQD8mhFLRE7B4gNQVSYZX0fkZTQWAnHKy373A8jrGj7wO_S3Ep6nw.jpg,rivers
ANd9GcQdO8fq0bjkTkbki3pvNinXBfPie8i1BLOT3XAXIlb_RsYiyK1Tdw.jpg,sunsets
ANd9GcQDQ1Pvj82zVMLL0-fImRm3XV_NpctgXMkKGgrvKORUeuocfkopjw.jpg,rivers
ANd9GcQDqkIaGATpjrQtDahjItrY47WJ_eMiC5IQXhowlHg64UvunTrnVw.jpg,trees_and_forest
ANd9GcQelVb2it2eod9HF62Rteyb7lMmIXd12IwFrf5RUWZag3UB1jzLoA.jpg,cloudy_sky
ANd9GcQf_j9m1Ml9rNy-wO0VI5fjq08FyptF-qTc3xgZc_6DUJP7YNMF.jpg,sunsets
ANd9GcQFn22ol1aQZXQ-1nOUCxtxW10CcLhtE70_1Qro-ofW_7sTKOYq.jpg,sunsets
ANd9GcQgQ-VQAuMOUKMf0EjIdR8zSrgr9pTWUkJdx5-YoD7p4UAm24Us.jpg,trees_and_forest
ANd9GcQgSTKxIMOWR8yPks47kYoRH3qnrOfCeicoBqpb-N6lhj4iU76jAA.jpg,rivers
ANd9GcQgV4dJZnzDr6JHCRWDEwBe3a9cp_hoo9fbeZXNJLjzC5RePl4Fuw.jpg,rivers
ANd9GcQHd24C1XCc_Yk0g2Co75Il2vnze29GXLZEj8x9ut76iFEb3SvIpw.jpg,rivers
ANd9GcQikmr2viXcTbVck9sUMN4TdxdBYUgT-Dmo3x1ywRTCjPiGllz_SA.jpg,sunsets
ANd9GcQIRMBSTZZhuMak4d3Oh_qd93cLRlwwXjEf3ozWEOCFv2EH4wBa.jpg,trees_and_forest
ANd9GcQiwXUivlncq-lw1R93qyNzqdaXNp6StkDzqxfdJ2UkZMuXmlZZBg.jpg,cloudy_sky
ANd9GcQJ_sQE2fknT5fM8OgP0pBbfVazEfnKsFT6FNQXwgKyPnc76a7r.jpg,trees_and_forest
ANd9GcQjKdI8HMvod2TuVkA7TAJZrtpYArEoYpnMrRIcDLX45mPnKG74.jpg,trees_and_forest
ANd9GcQjP_siJFh6XOr4X_Kw5UMv4VyfSmixaKP-ZKLG0lIDGb4EA_mA.jpg,cloudy_sky
ANd9GcQjpKa2FnH-xBsTtCBl0s3VCW0KL3L14kq65czEpf9g-WHETwqY3g.jpg,cloudy_sky
ANd9GcQjScigGm_U88xxwdEXfFdzCxDIDcpTL5FJKg72T6mI8Cta8s-J_A.jpg,rivers
ANd9GcQk0hXpCb8kt50MFM-Yb5IbmotGwec0b99uUDHMX2J8hRUO4v24fA.jpg,rivers
ANd9GcQk2r6zXi0yhW9Prl2Mm1kXaw_TicQ-V4cLaVfEbLv9HbSvZOIW3Q.jpg,rivers
ANd9GcQK6VlNG9yem4C3SdssiD8H4rEUzJJNzaLvBTuYdiMT0Ey3MYv1XQ.jpg,rivers
ANd9GcQKjYb0kFxdKisOvq9WWrpyBgVwCOCVsapzCuLHquSMDZWTadJc.jpg,sunsets
ANd9GcQktrEKdCuyfZuAMfxs4EWvWrsOUjKFxqy7BHdVieu-5NSuetVRBg.jpg,trees_and_forest
ANd9GcQl7FBWMWiijWpjI2sQ6BGcRwdQAD6VOxlpYJ47SZljOtDCum86.jpg,rivers
ANd9GcQlCTsTGBIJjgs5Zr3dQbCtIGBVs3FHthCi91bueP1Uf7-mnJu5.jpg,trees_and_forest
ANd9GcQls9Ygofmq1jYpH5AMlnc3Tojs2NIIhOLzRm6SDZYDrtuVmXKwLg.jpg,trees_and_forest
ANd9GcQM4l8aL1ZUPs5cnFI1274zF0K-LkRiYzRZCBX89thjYlTadkTxMg.jpg,sunsets
ANd9GcQMz3JJJ1i5sjH4dsVykz3AfHJ2ydIwrMhOi2jMjSzAVjFHpYKC.jpg,trees_and_forest
ANd9GcQndGVJcrDZM8cBi69myoXRvpUdKgHyJ3RHqcsVwIU6jBroqkHB.jpg,cloudy_sky
ANd9GcQnWPitCRAiuKZ-FXAq29ip3rU4-Nf4SgLFfAK-ncbsNj0lfE1Tbg.jpg,sunsets
ANd9GcQO2tk65UiRmtsdIEtr69urhDbjohFboozxLBHm8TaMT-JXbl2t.jpg,cloudy_sky
ANd9GcQO4WVZK_WIGJMEFOMm0M-B20kUbY0b23QzeQO-K1BDsUXRLBQQ2Q.jpg,rivers
ANd9GcQooF458yErkA79PNj14NblHu8sFOQnFbrACJ8XhLsKHUtXBb_-ew.jpg,sunsets
ANd9GcQouo2VICwSfdtLYfPudCwPgUbt5glJ5yxLiyUz5RiyeBnPyEf9.jpg,rivers
ANd9GcQOw3R6Yx9e8KsywpmhKGish-UWoPaZ11_Xyfh44IciTlvXluPO.jpg,trees_and_forest
ANd9GcQPJ0iuiQ8qo-lR2KspwEG9LZLuJEdW1oWcLiDbOxo5Ik9OB54kew.jpg,sunsets
ANd9GcQpnbZgrtKqtPwGIicxvlxQ8b42efKooxo3sWxrUUPEm-82Rkv6Xw.jpg,sunsets
ANd9GcQpsfbMhUgOBDJUq4iVUQ-Wivtc61X6ohPG4jAXS37YTN1O2c4.jpg,trees_and_forest
ANd9GcQpwuBPfHNGbMWppmRMbtaZlxmwv4D9j_K_RDbAgLGIcMMPM2RX.jpg,cloudy_sky
ANd9GcQqRess069PPw970xOn56aqtqj_1J-Cc1JQ9mR_CzLkwd99hJoz.jpg,rivers
ANd9GcQrNbHEQmpbA-TdI4tCGQLtExOy7vAvmhvAV0QE00ApVCH7y0ZBBA.jpg,cloudy_sky
ANd9GcQrt7PhgzX6S7TUBbSr076yA4q3DNkvThriETgMR4aMJ32hvTn_.jpg,trees_and_forest
ANd9GcQrz1UgrU3pCv2kvoQ8GyFTTX9zM0bYCGyqQRmSS3IOn18KQAJe.jpg,cloudy_sky
ANd9GcQSaxQN9ClX1CpXF0fj-ATB6t7cNg78XnkuvqpyijD9eWY1mD8h_A.jpg,cloudy_sky
ANd9GcQsj-BdubYPClYe0UPxEJNxZaB0PHV0TsYbJVp-YSyO2TXgd0tD.jpg,trees_and_forest
ANd9GcQT-YJ3hICQNXOy8uOK7Y9lm0aObuhrfnCAHGsIVz217ZcwSn12.jpg,rivers
ANd9GcQT9yhx9qwcA4xre40-Cd0tqHd8Zf9NYPlLhGLT5lSCfhC9KrH0MQ.jpg,trees_and_forest
ANd9GcQtJeBbVmmnq6My_Z22NC-bKpmkzEX46FUOmrVG-S4rqwK0gpD3.jpg,trees_and_forest
ANd9GcQuLuliiB-Udqt59YVeF5SvK3lTS-MxAgDFw05EPa4lPtRPwKx8.jpg,cloudy_sky
ANd9GcQurG9OonPUzm6tJNxv5EhpRIty81O8lstxyIEvGyFtwbzzLUMMgA.jpg,trees_and_forest
ANd9GcQUsf6AbJhY_H_lU05PyzqbAH669tFNdimaoRRATbstYnhBSi4U.jpg,rivers
ANd9GcQvfKjhROG__B70sgDT-cdDULrvy0a0EEW_DQW78xDsWcWZ6azQIQ.jpg,trees_and_forest
ANd9GcQVPT03Y6zK6j7ieoWduXIgqiFADBg5Ip1rU4IUJsH5WhoEMWV8.jpg,trees_and_forest
ANd9GcQxft4u1BetHXVluPbror5PxaDFwvuAS1uipQ5qMWp8mXUQ7AtG.jpg,rivers
ANd9GcQXtN_PXmBq_Es-OJCsSyXo9TSK4xGqg9lkFD1BcQGvi5AXIoNL8g.jpg,rivers
ANd9GcQxWZRF3Jk-YhHi8V-3dmryaSx-8JGpn0_UEcxvp-hQwCBvcxwX.jpg,sunsets
ANd9GcQYEtPaO6uZnrUMvYrhplutoRXO_uPI_Q4ZstVpcccOfzKh4PT0.jpg,sunsets
ANd9GcQz1S4MFhnHjb74W9CaCBB4FNiwQlDVYssedl0l6R_3eByqhFs2TQ.jpg,trees_and_forest
ANd9GcQzD-gmBj5AmxyL61MDiCLXJRIfdod4FaIhHJajiy-uAxAWmJ9V.jpg,rivers
ANd9GcQZLP_oAqN3rH2q2BqEGMMz866Foz8A6DW7F8FvWEh3dAv1oga4Zg.jpg,sunsets
ANd9GcQzqfPWK-w79rJCAmjfrg9dxh6XxH27jmXJKkrH5qCKjpPWqCLb.jpg,sunsets
ANd9GcR_5Xnb2dhogi5uACykRMWT9fOgBfLV6-DkQLGjmikPj2qY0FTVWA.jpg,sunsets
ANd9GcR-ItBmuGUW0V_RN1QOc5R1SQg1FnAjwMsZGZFFiRe4T4vnju2k.jpg,cloudy_sky
ANd9GcR1detf0u2Rfm-3nBZ1czpM8xDddNf4YPYu1YL86i8hEhJeMMS0Sw.jpg,cloudy_sky
ANd9GcR1UN0P6GLGyIPqAvAbvXs_rMO8FFu6qR8_3oMPO4GACRol95xK.jpg,rivers
ANd9GcR2Br797HCBU2t3D45BjoXhyia3Ix6p0gydlrUte4EXpBPlO9fwlA.jpg,trees_and_forest
ANd9GcR6UFLAnCaCTg3TljQCleldSDDqZMxBQDvFYrPnAXNAPNxaqATY.jpg,trees_and_forest
ANd9GcR85WCguS08Hdgo2wM8BJUTfNR3m8aNIQnz3Bk5n-yfzq-oSxWK.jpg,cloudy_sky
ANd9GcR9ntkMXdRFM9xKmfyL8KR4cLV250JBYDvg3GKRlEebvHOMSJgL.jpg,rivers
ANd9GcR9QpLdrv6SIg2aotDtfbX8mY8lPDXxLb3k2Lr-R4oQ-xem-6Nb.jpg,rivers
ANd9GcR9VoCOrcM-2NA5dVlcn--RfTbyUW9NZb-CR4SKqHxnaDzyuGJI.jpg,rivers
ANd9GcRafWJBBnQ-t2fB3bc3TRUlBgd-wl1cHM0jVPxDkyBoOMBQaHIhSA.jpg,trees_and_forest
ANd9GcRAW9Y2ZRUvbKqc1QKy1YBq7LfChUB_05oOPAZnBb4G1dKwXsuV.jpg,cloudy_sky
ANd9GcRBD-xPxUwT4AbDd6tvoiYwfndzkweqH6bkkAVwU563D4AL_9zWQg.jpg,trees_and_forest
ANd9GcRbDRc8--YoYoMPOLK8q_TasAAeJjfF0dq4iSoylAmuQJSwgBqG5g.jpg,rivers
ANd9GcRBgpE0OoNVIpp-BUCff3pbzFwOk-XFTUXgyOMazPGqMKY6jsm6.jpg,sunsets
ANd9GcRc5T40gaTFXFPajGTERo8yP3KDa9lNo1i7isFxkU12Rn6cdiw_.jpg,sunsets
ANd9GcRCm9wT51slz6thEtX4pluaKB-hfTJ1rA2zPPOzs_zC5fy3U9lASA.jpg,trees_and_forest
ANd9GcRcuf5UX7wSdZVdbeIWx_MO6GMI4Hb0MWzjk0ToNkF_RrbumXgJ.jpg,trees_and_forest
ANd9GcRd8MNs_p8ZWZZKbl76PGzgfucHleKXSqrYiYSKOCuK-T57XnClmQ.jpg,trees_and_forest
ANd9GcRDmts_La47BKRph6jZvhUOjJ_6fSk_YTknr1UsgrO1-ITh5lDc.jpg,sunsets
ANd9GcRdXca4H54CdRDnOKdDE8QP3hUxwz_hMsRhLdpq7wA9ug0LXKHCnw.jpg,rivers
ANd9GcREw-ilf7J6V1BFMXz6HbS7oaxVjf_VPJQOiC22Ttlzhba30Xehyg.jpg,rivers
ANd9GcRfSHu5VJSRdw-FJt0SvftyXF_adph4d8sKhYamjqlwkEzzHVCCAg.jpg,sunsets
ANd9GcRgdPQQJVrj2fpuNjivTrJ6AIEXuQjnCFGR23NA792KbD43deji.jpg,sunsets
ANd9GcRgJhp5m-mUwX02FOIDM6Et00grHg3iU6ADYinBYtB0Hq5moz9h.jpg,sunsets
ANd9GcRGL7zNNs1QzDR3OsEagGyKf6mFRXjPLYhPclYlUO4Monq27i66.jpg,sunsets
ANd9GcRH9mmmfnwq02SVlwerMudrDxhnwofzMwbS_3IYr2wxtEyVMP6pfA.jpg,rivers
ANd9GcRhctwqFlTW4SXNqKE8VoVHGjKMOE2HoFFtGC05hNzoVnShgeHNlw.jpg,rivers
ANd9GcRIbGO4ChyMvGCZQw3kGZAkycfwnCdO7r9zDvVx9g_iodFCoYBFdQ.jpg,rivers
ANd9GcRK5H9TMSepTf7PMyj5hkGia4ysBRH2yhe00OqWJroN4C6npPVr.jpg,sunsets
ANd9GcRkeA3mg5g4XmmRqA35ueoLV56NJr7KLoiyhB63VQv9VKtQA0kN.jpg,rivers
ANd9GcRkpkXCZQDntGrtJmiTN0dAnFEpgfLHtXGrbJfFoz3HjyZrsvRF3g.jpg,cloudy_sky
ANd9GcRKx8R5eTCE0V-_ML7tk0A4NtFf44rTP1qphSJg_QhmytkwtORn8Q.jpg,trees_and_forest
ANd9GcRL7W04upsKt4IWesvk7fok69t8eCeG7lP-hDWkruqmNY8IvM2Dig.jpg,rivers
ANd9GcRlJQOU9l0SJld0sw2foxqfpVaXf9xAvLLxIJ1yT0cUMQequxdp.jpg,rivers
ANd9GcRmMeb2V-u6PQYXC_JrUIXPr-z1FAmOZQqopzc7plbiqHvEaiP-0w.jpg,sunsets
ANd9GcRoC6BLv7BLL_HZhdO0ZU2axU_AuCEH5sjgLizn8WT4dqlqbl1W1A.jpg,trees_and_forest
ANd9GcRoiTdeKWZawX58aVdis_jclewv1VERkbbPhAQ0jUcjH_Uj2FFbww.jpg,sunsets
ANd9GcRom0Q3KUY_NAuaVJmpsoGHkBC7xhQWSbhMYgpbkP_yeBd71NQ8.jpg,trees_and_forest
ANd9GcRotFD-RtZl9EY6YZex3oLJQF1PFGMC-tGXFfQJqfLR8ofJdiFP.jpg,rivers
ANd9GcRP9YApifU4NkShTN_1tKaigNsjKqVWmr5S7wcTRlZOMk1apVlXZw.jpg,trees_and_forest
ANd9GcRPEWJeFuvmWeXlnDoWhtAa1oMSIIBkCLBNaYO2jJY3n0P1rHR6.jpg,trees_and_forest
ANd9GcRpGf0YIlkLuwMSZP7_TARa3haJcbuv63SvHLbFelqNoLuRfzqY3w.jpg,rivers
ANd9GcRQbE12EgjEuvVx66QnSlux4dVTv7NcfBOb3jpUt0ba96onmi2stQ.jpg,trees_and_forest
ANd9GcRqciloLaaMlz4BD3NE4ECuHF1AsQMASVwGk3op3kpuoNFNkWKS8w.jpg,sunsets
ANd9GcRreUd_tzoJ3tOH9TeLWpWJ3Ws1xOilv_aJ8rvLptkJc7Bff-DUSQ.jpg,trees_and_forest
ANd9GcRRqNkTYB2IQ7B2WYBZM7wnISJO3LtlsI_q9BjfPNHaQS6sRh68.jpg,cloudy_sky
ANd9GcRrsYudn9XNsCnicZV11qlO6SpUqXteM9_gSoUVphdJ46puoVKBGA.jpg,rivers
ANd9GcRsuJncfBCjKX0jLT-3SxsDkLbEcuS8Iql9rgiS2WdaMW9kIEPb7g.jpg,rivers
ANd9GcRsY5hQwQf0XE26jJvP8bsYvziBa0IbV4HnshYy-UNhxP3-LEX_.jpg,sunsets
ANd9GcRt2-lSaF3IVpPxHyptyAJQ4XgGh-yrrUucX7gWo1dKafo5604W.jpg,rivers
ANd9GcRTfbVGwktWj1ihfzPlG-4R7Q-IVUIyyIZRhoYJNzLwyQysQ54y9Q.jpg,sunsets
ANd9GcRTkOlBV5VS5Tz8Fpq7ALoqmaSfb2JM3DsQXzBAmXrhZu6XBHsj.jpg,sunsets
ANd9GcRU-NkTtKnCYXCTRPsgoyQIsqQxIj4q2OMTx2aGEz-KU2LYzAOBjA.jpg,sunsets
ANd9GcRUAOFWD_-MHyndeY__UjLitKWs4edfOX5dJ9iio4Ypj5Y-UnME.jpg,rivers
ANd9GcRuMhfwZLezC2TkRwtwh2onoAZeqm6PI77iLiLfgLNFAfsHK3w4.jpg,trees_and_forest
ANd9GcRUx3FIiAu23D4zH2gGMPmdmqCNcI8cYppESICvB0Ji1gJP1Gl-8w.jpg,cloudy_sky
ANd9GcRVIfduo2MPVZ_Of2Lw_pv0C1ZhmdfprIX5Eo8cFLi5L0GM_DMZ7g.jpg,trees_and_forest
ANd9GcRvMpbcH6PsDqWeOExS7sT5FMDjICptm0hiljrly-L0TwNeCTkh7Q.jpg,cloudy_sky
ANd9GcRwCU34NOJGTJjTSMZeQIBN13NuMiKtXrrugMuJzy3sG43qW6nx.jpg,trees_and_forest
ANd9GcRwia-pOPFLf9dEKBEU88Rlf6s9UfwGNpGnZLlbuqX-nJNfbxBFKw.jpg,rivers
ANd9GcQ_-V8iCfffr1zv6QqnrmuZfgwmaji37Wg86mHrmBX06OTXgJjp9g.jpg,sunsets
ANd9GcQ_1pq_ShKuY-P_MT9KaYP0iI5bAo3N8nEV3h87O7-16ykdX803nA.jpg,rivers
ANd9GcQ-9q7fjHdCPVLZHzTvLPvtklacP7xAO82eCTM2EuOxEL4Sl3qpzg.jpg,sunsets
ANd9GcQ-Y4lf0VySCfoago7CrpHOCl1LHcbHaB2BMf6UvUSkeV4dtoIKlA.jpg,sunsets
ANd9GcQ0p0VhR7dXlGVaCDrmjPiWolZXDzA9882JcLja6au0zCpRZLdv.jpg,sunsets
ANd9GcQ0VAnOVSM7Jt0rWfQAbKAzpmjhY_NRc4Wnsf8VsOG8HSB-dgYi.jpg,sunsets
ANd9GcQ0W4zSfC1L5XbzSup3sflvvu10z4CDiheIA39HHvAd6ZgcOmaTkQ.jpg,sunsets
ANd9GcQ0XNnCueBMO1yMQbMIEjA9yy0dnDGTCa1N1LQ-eyscY_louA-HuQ.jpg,sunsets
ANd9GcQ155gIdV-BHQ1aUxoTX32O2VFtJhHrYB-h5X1x4LjsMiqJR53LGQ.jpg,rivers
ANd9GcQ1hvqTjojWKvUcifxEkFYwd20YJ370RpChBgdKQkZQoZdwf7B1dw.jpg,trees_and_forest
ANd9GcQ1O55e0PJcYuSLDZMyl0sP2fja4OJWp09Z2l4mUK4s4LbZlx3F.jpg,cloudy_sky
ANd9GcQ3-U1iFeTeromrkQz-Wl_oCKdNZX_JE_57_wDHEcy2fVCPpPwuMg.jpg,cloudy_sky
ANd9GcQ34EpqQbnJHZIzsaWOFUJmvFSl88oolAQlaBUoHtVV4M3Nw0IDJw.jpg,cloudy_sky
ANd9GcQ36m9IkUgJyixD-5UKPTE2FOA3EmG4jnC1_Gk2tAbVyB8DgyOw.jpg,trees_and_forest
ANd9GcQ3whYfUGrHELoCiurYMmOps_dNp0p2mIMPcV7PVMJM2Vl9zkvodw.jpg,sunsets
ANd9GcQ42LTPJRt5lRQc6SDm-jXxBRtqLFEN1hQTNfpeviZQ3s7JUemI1g.jpg,rivers
ANd9GcQ4HmanLwwYpoDvuMV2gZ-hPHUKe_pEfASta1XhcQsdwAvYzEN-.jpg,rivers
ANd9GcQ4JP-7ZLgGwC2qrsx_Z5a-plNug0qhp3N9IRDo6sshcLyfxzWO6w.jpg,rivers
ANd9GcQ5CqYkr1Cb2Ya8TEOSlgmOSXTHXjl2DMuevAxNgj7HaLoWvJvPKw.jpg,sunsets
ANd9GcQ5EUHDl9-SF9BaYEhvQubvdzWwTDN-PnPDfez32vy9eIFMuwl3.jpg,sunsets
ANd9GcQ65q43sQs6EJ4mKQsxKfMBGWP4D_i0MJiMu0qta5fK7QNeuWDKFA.jpg,cloudy_sky
ANd9GcQ7GxZrY7hGRmi8BJRu9o3W481eNLRX9cvRrUFQUyH20dcIWEdXxg.jpg,rivers
ANd9GcQ8flX7rfBV2lAuV0MlAwKTdxnL8JCbCWsSKm43JQfegqcgOJDY.jpg,sunsets
ANd9GcQ94dpmqwIQQyYMSOl1k7vjsIQpiYMCtquwrc5eHCFUSlZgI3Eu.jpg,trees_and_forest
ANd9GcQa3PvIHC-YnpMcLzK0cVpbKlIjHHSL0kz29phpQRX6Xax-rE0IPw.jpg,cloudy_sky
ANd9GcQA3y12z2JUN3_1BvTjEYYIMU4VrWowaufHSfp-K8r2vwOUpQ2JIg.jpg,trees_and_forest
ANd9GcQb2QZyGykdlIDjj1iBZ6TCF_Vy7zCbZoYJAAgWkUXsbSQlCQXZZQ.jpg,rivers
ANd9GcQBLStj7Fn48YKX_-y1Iv6IjTCvrtDVwGMzS-OyqPiNuONj1_O55w.jpg,sunsets
ANd9GcQbNXkgKUKGShZfqCxT0ID87NtJ31c_DWfy8yDpb6nBY6YzaLUn.jpg,cloudy_sky
ANd9GcQboq1Gg0Q7aTErq9oKiwSq2-X2Hu8lFbelvk6SX25N6SuJ5eG1cg.jpg,trees_and_forest
ANd9GcQByP1-p5okUsTrNnKELK9u9H1nNQzyj_DFlXxA6PIUfuQu-WVB.jpg,rivers
ANd9GcQcqqIUMeERnExCExHSX403_vl1wR823izA-Ef_m4UudQzeBp7i.jpg,rivers
ANd9GcQctqQc75qFFokozjwtQnPheUnCIZEmkMi1ECUtVJKsteyp9tmw6A.jpg,sunsets
ANd9GcQD4GqFNJm5hcYrHpy-xiQsr2j1SCI77moYWxXnQtgr2XyxB7q5.jpg,cloudy_sky
ANd9GcQd6rdmNd95ZOG0LMAK3osxA_tHAvRE1PPbSNUU3OTiYLpvb8e4UQ.jpg,trees_and_forest
ANd9GcQDDNcWydnlaWszUgPNTmi9KP6p4Qf3ztL2q6oQkH5UL8WIJzzh.jpg,rivers
ANd9GcQDGSZ9N43B3iWlHPTDfWmshtZTMZh2Nqno3ebfOemfLsqaZ5Pjpw.jpg,rivers
ANd9GcQDp3treJcAK40io_glROJ38Y1HYU5EJWu67xis78uQl1M8Ks9B.jpg,trees_and_forest
ANd9GcQEUIzEWx-HFx1_qZLX4Jx9GIpOdNPIVb7DnoLjND_5NlWG_ys7AA.jpg,cloudy_sky
ANd9GcQExPxKiafUCJYDkd3CeugMR3vtazHcpc7JiBbQKmUIGsWLsSrA.jpg,rivers
ANd9GcQF_DtnDG6kDB3JsWN2sTcKFYB6SKXeC1AZ4gx7e6WfLLBu7R5ItA.jpg,sunsets
ANd9GcQgmqJQRrMjUgnv9Pq_IOyUuD-a02d_mvGV_g2NnulB9IcAc9gz.jpg,sunsets
ANd9GcQgnAASYgfLOgX7h-lpdM1zHT02V3km28el7IgY3PEw2iHsoes5_Q.jpg,trees_and_forest
ANd9GcQhkPQhWJ84zGDQm3zFaAgrjWNi75qA7vhqMriM9ghii_3RG6Yv6Q.jpg,rivers
ANd9GcQiMjgo7-6x1D5Jheta1ulJs1XsU7W1UcayFwL3uQw6CjP-5lO0.jpg,sunsets
ANd9GcQimnYyaYcQELr1XxKZTNzbuX_nVu7dNwk28XqEIUBva5olw47x.jpg,trees_and_forest
ANd9GcQITCvs5-C0CmthmZqFivvB_IM2ueTvQhuOwUzATAO9JgIJA4n_mA.jpg,trees_and_forest
ANd9GcQkdQ3a5F38NhP_AnCK7juFo2tIQ4RhfPLTJP2u83lxS2OwpTQv.jpg,rivers
ANd9GcQKdXI1yshDXXRTsCK0nD4dLfoSs5W1XVor9ACDDEZEVOtRjmYTsw.jpg,sunsets
ANd9GcQkOr7i4WJFlKnj2ya8i3qMyl2i2OU89mFmDzJnwhG3kST4G3lCOg.jpg,trees_and_forest
ANd9GcQLdZUsZYNj61o5I17ZWWqSYDTzQtp1wrXevShk6HfrG8mT_zJW.jpg,rivers
ANd9GcQlrygVtbatEwplSAUdifUPKViCYiYA93z9YAGMhSUJynAxyDaK_w.jpg,rivers
ANd9GcQltg7ksBMOTINiXB448-nTTSeBwZWzzQLUaI53Xtewd_WDqk0G.jpg,cloudy_sky
ANd9GcQM38N2aXAH-RQz2UmlHUTLouR6mHWiDvIPVsbdJew5J8h-u38F.jpg,sunsets
ANd9GcQMAVmx5-HIQ_nyIXU88jmbN1LRb6Qq88VM2VFSyCcVKuifFNcE.jpg,rivers
ANd9GcQmtbzAniQuL3GzHmFiU9HqkqypbvpckUT4EHGCMckDF9ioqsY_.jpg,rivers
ANd9GcQNiGQ5n9agpOwOAH3GLiKzKBOxbJJJqXZVrNergPCebkm0kfeUDg.jpg,cloudy_sky
ANd9GcQnLG3qS2zzZIqacY5IlCixrjjrGUbTbJ10WPnGcLqAIgfvER5j.jpg,cloudy_sky
ANd9GcQNqBA9TaMBWaislhYerZBbcusu2DYC6UH-fFU5KOs9R8rXIF7e.jpg,cloudy_sky
ANd9GcQo-vUqELyjz6eyuhbu-8x-uXTRtIipFv3pYlOnnzta5F32Sh6s.jpg,sunsets
ANd9GcQPPblWWxrx4M2D5LjUqOCcs_8J7CBgnHv36Bpw3HT91ParVXSt.jpg,sunsets
ANd9GcQPvoPaOHF02HBVeafeQPeMdqzUG6Ry1t-WX9RklAKwvBPAPdCmhg.jpg,rivers
ANd9GcQQg-BuqfCHiHsPFYmZlyF51GOK6JbeIubFLQOIYfoMdl83jXbB.jpg,rivers
ANd9GcQQGE7WjywcbKvbEpw-Vt_UAoBRMQqdeAh-iQ20BK149ZhlKplKlQ.jpg,sunsets
ANd9GcQQliE4bXzbhUCew8zDMsCMslTL5GCj7dyUZnludWdvlBX4ZnWxgw.jpg,cloudy_sky
ANd9GcQQrhgUMog-BNhgTpdOft_jW6Ji5SoVCTphvbXjCIyHkf6qydfS.jpg,trees_and_forest
ANd9GcQRnAtUWToiZybbhuddZEnXND7aJO6qvCj6BAAHbCPldTMSj4WB2w.jpg,rivers
ANd9GcQrQP3vgcw4ge3kgvcI0cPewZTu-b1jYaI0dpOHd5zLzhWl26L9.jpg,rivers
ANd9GcQScY61Ha44xcQ6t0l5VCdRWACJrlk6n4lx3DVCUxASJQjAzY6Z.jpg,cloudy_sky
ANd9GcQslwfto_62zMFGjxv03059kgdQLmjbij-4NvJqYvYXDzcG_NplpQ.jpg,sunsets
ANd9GcQSo1V6sulSmfrse07EmrAeLEsbsHQuMZm2VVpntRZINtiTgd2t.jpg,sunsets
ANd9GcQSOY8p2xvEExee70w66OHQSRbeq23fOzSP89uUgXJtYVt_QMmZzg.jpg,trees_and_forest
ANd9GcQTnYY5oVmftLKjFp0CQUWrNAG1hZwVFK1-CalaNMKXwxgmSTzt-g.jpg,sunsets
ANd9GcQTyA2gMDH7HRgybvfEwM3ODRvsoPn8e2Br2-5QbvXxc--16VyFsg.jpg,cloudy_sky
ANd9GcQUqgBcG0dTb1Tv56U9ElCzLi4PoKgL8fi-Ls8orEVWUIchWGNxnw.jpg,trees_and_forest
ANd9GcQuUCd0sA19K8NA2LjOuofcZMDDoS6PDr7OAeJyzMaVAQTa2-Jp.jpg,cloudy_sky
ANd9GcQVCkSN-bkBMccPCTTriTuXTURUVZmFeHpvsuU3BS6rDH2hyIYE.jpg,rivers
ANd9GcQwbJ1hVSQxWoEv1yS8zJEnL2ZTHJ60CVPrrtHL-_j5zwgOEw8I.jpg,trees_and_forest
ANd9GcQwCy8g7u_D2mpAQlB3YgZCEH4SrXC3prCQy1ZS-z0GaCOax1zJWQ.jpg,trees_and_forest
ANd9GcQwg1qJP00NRZgDot_aghowWx1Mpy0xAkoYPtbc0SkF5tZC3xJttg.jpg,sunsets
ANd9GcQWI0-i2RVTI5VcmTrFPTCa4Gz467ceHDQ_lgLPAgLyyvm1ltFvRA.jpg,sunsets
ANd9GcQWToN3pzlE3BK9z45iRDwVT25eI92JbSrActsJThEHW16sLExxfw.jpg,sunsets
ANd9GcQX-WqxXP22kPMu6y7cL59s_AUxY9qXZzrKp6r3u1Zg_U5FlBlr.jpg,sunsets
ANd9GcQxeO-JhNR5ZkkMdnXCTWydlaxOfyhwfvUfbbxPFm0CnzjhXuDQ.jpg,rivers
ANd9GcQXFtqStFxzwh0FEAGFmptE35z_b8kJfdxnNnrkh6k5BCMpALAFwg.jpg,cloudy_sky
ANd9GcQYJei-mpS8JRZTpEkj5HBB8pdSuCsNNNzNJ3g0uvY0aoz8ez_lZw.jpg,sunsets
ANd9GcQyMvH219WcFQKV0Jm6Zw1LxliP9crL_QsG5g8AK79kVmZ1XbbQ.jpg,trees_and_forest
ANd9GcQypC6rhosIl4n97Gtm0Jm0G76eUP9GnW3oOf5t1YqIWrMIc5dCEQ.jpg,sunsets
ANd9GcR_AgfgQdXQkYq4S9yal-xsuvrmU69cXm5nAXV4ygIYFypT9vVG.jpg,sunsets
ANd9GcR_MxfxEZtxFdJWAS_m20a05XbtmCajSZ6V0rnHSAv1U5VeNstOKQ.jpg,trees_and_forest
ANd9GcR_uIdd1kLusskSmpBcKiKZaKDbV5ZmsS1VGqbz8ioNsxj8wSyE.jpg,trees_and_forest
ANd9GcR-TQIxtn3ateoDJ-pRJEAM5aPFZDSj9CBaYzC7vrSlCNeA_UI.jpg,trees_and_forest
ANd9GcR0VcQuJwGzndY5vEXZRocuzdW-qv9KT73qC8KF8oWNgS_GaBJv.jpg,rivers
ANd9GcR1JGV3uLonrDCQBkoAlWNx3hGBB628J18u0G92EqJDcRCepCWM7g.jpg,trees_and_forest
ANd9GcR1Kj3j52NhIyOUgPG22jjCeTHpC-WVEwMXWJZMpablYh8DUO_R.jpg,trees_and_forest
ANd9GcR2FCtkUDDAJSQHmIGWbf5qbmcu_gvpPfGg3oN0JOvhScZm9YqidA.jpg,rivers
ANd9GcR3BbPwCp6S8KfumE0k55OaqOc0aWfn_aHEp38tswI1PMwLrk6o.jpg,rivers
ANd9GcR3CInzE63yFCPsWUdE_8AYmt32gpUxKhiforVu1HdBLjMXkjTOvA.jpg,sunsets
ANd9GcR3HX9zNOg_leVURJluUFFG7rc0hs9XD8EQ4B38ZhUR895lq6qv.jpg,rivers
ANd9GcR3kr3fEREIme9ZCsVxtMpmx77e1dwT3Se2aGxVj39da9hC54BC.jpg,trees_and_forest
ANd9GcR3lAOyj12x1dIz84FNPos5q1lZTz1WodIl5AmyiXxdETj04V5ung.jpg,cloudy_sky
ANd9GcR3yHbYMjAcGANRu4ep_KkNYeLnQ1KTeo6Y8TTcYamC0yPmxIbr.jpg,trees_and_forest
ANd9GcR5f2ITjjlXqjM7esu52w3uNorU7Hfh8lfi4fnpiS2aGO48rX430A.jpg,rivers
ANd9GcR5kTfbURotlgKnQufnlV3JzXcU6DfP7yRmIoTjZNq2DfKLmGEpkw.jpg,cloudy_sky
ANd9GcR6-yF7ns3thAykuqLPccK0KssYvtIHn1FpH9I1OvK5F5C9MK7tSg.jpg,sunsets
ANd9GcR7_yIhfDd8-75PogDaIQl5o_IyCjjdtK-_k9Nleamfj_owoaYFaw.jpg,rivers
ANd9GcR7i0JXQsYtSXLGSz4HZLqy1oa7IgRyHQFVVuzGslA4PKLe1L5OaA.jpg,trees_and_forest
ANd9GcR80GWyP3KFXsLuhad5ty5-d7Vl4YbsvepoGq5fFu9LA8xw0FFXCQ.jpg,sunsets
ANd9GcR9f6FJ3Mz5Jc-Yqcphv5EAJJLwpi-eT2bp5HoxNf3V3XGk430W.jpg,rivers
ANd9GcRAdOJMLDpXrq6Rrv0kkp2pvAUlehYoKXAH9S0o2G4FWReGyR2B.jpg,sunsets
ANd9GcRAE39pX-kqM3Bkru9sqoUJy-iVKFkgEFzKj6_B0zzvwpCHb3dtRg.jpg,rivers
ANd9GcRAhWi0jhErjBGuPtiW8ZPe1eGK63vV9OJPERGO4NkZgxvw4sxYEQ.jpg,sunsets
ANd9GcRAosbhIzOChT3qbnf6jxsnPOz1bJUzqpZZeHnToQ-d-JN6ikTP.jpg,cloudy_sky
ANd9GcRaZp0STfVLa68EhvtfYj_AWEXgA1rcmXsveFMamYizm3lgPFWr9g.jpg,rivers
ANd9GcRc_X7W0liYW_rSzBWSgD4r7f5EDAhvCxyx-z1ydkxSbTJzzuql8Q.jpg,sunsets
ANd9GcRCp1c4zkgi-OOchW-u-f8rL40FbwIk4sWTwhux8lJCLXMk800OIw.jpg,cloudy_sky
ANd9GcRDafbJYEPQelYfrAFPNO-LW-rfuuTEf_gXlJOUCK6yco5PdX8R.jpg,rivers
ANd9GcRDQ1sSlFRscSSD155-hJL3HqKSUG6UF_r_f09CNbU_plgL8LIXKQ.jpg,cloudy_sky
ANd9GcRdqKcAMLjhMNaoXf9r1CZlAi3TQ7BBPapdzVVAx6j9dfcTTzEEJw.jpg,rivers
ANd9GcRdTIRkBm387QhxYiLkyg4JpfuduJxGbIbQUSG-5uA4dnKp906ytQ.jpg,rivers
ANd9GcRetEFfEBk9l66ncFP5wRTocK7O6rgCahshBUrhd7qI_zLi_M-XBA.jpg,rivers
ANd9GcRFcGKznPsuC9pQ54KjgeeIMQRFnV4_CsZoISu3Txza8d06LTud.jpg,cloudy_sky
ANd9GcRfig6mcoh1MeJ6o7g2dUufbqYG8d92gZ996m429o6tQyl3T8IZ.jpg,rivers
ANd9GcRFOoCJNb_8BKAScANNsdSUfvr8dsweZF4dDTPAd0O5wmh8oCk3Ig.jpg,trees_and_forest
ANd9GcRGcjtVNlncptuL9GMdVqaxhYmksU5o2OwN_IGiUsHXMbVK6HkHAQ.jpg,cloudy_sky
ANd9GcRgY4kA8zyjMezKG7Fhh8jwYO7R8YqaMEu6fORGUhIXE4dT6UCx.jpg,rivers
ANd9GcRHJf0o8Xdyd6NQiiHMSEEY38xiVSTKZNL2PAt36BTeHxhbbmRv.jpg,rivers
ANd9GcRi0IXuqH77uRcrHa6-wP2nxxRs5ZSATMfnimazqJQE-W3dz6w-Xg.jpg,rivers
ANd9GcRiRMryUEO2v6-fny98HCqNViGiSKvY_oll2q3YdIj5bkZ0sHnA.jpg,rivers
ANd9GcRiVlVzoV7i-Qt7Wi5Rn1LoMXaEEnnkTK91erJhNbDOUUf6-7D9cg.jpg,sunsets
ANd9GcRJIMgw9eENi6VKn8TRw3HWJLG5m-ukyTtaH01i8wDmnPFuvm1L6w.jpg,rivers
ANd9GcRjv7l4U_iDwyaGwcdLfxwWO7FaiFNeqbPN-5vHYG-oiP74nrY7vA.jpg,sunsets
ANd9GcRJYlbjfn3TkSIIFJZu-V73dNGTjJr56LXyj4jwm3sobVibLkxL.jpg,sunsets
ANd9GcRK60zs63HEp4FdoYxIx6mp-ApbN4XWEn4liy-VBVoH400LO_ao0g.jpg,cloudy_sky
ANd9GcRk7I5V1FOKTUnlGyjPUGYcmnWjMHPlcXcj1YHYQiluikZ8khty.jpg,cloudy_sky
ANd9GcRKffIBraoZOoC5UJdse8bNB2DmqyiG5pLIedP7tL8fEXAFDC4mCQ.jpg,trees_and_forest
ANd9GcRKh9cBXVQIqAthqNJG7OGYI_3cdKHfbp-4Ft3iOJNXtTvJrzee-w.jpg,trees_and_forest
ANd9GcRLtyA25Mx1V_GyHmikjCxTPknDSVM2GAe4ix-nw19kSIgbUXtj.jpg,rivers
ANd9GcRLyviWM4QHzGg8DyoEjOaKLRQayECrNU4de27xnjOX7sA_R4PW5Q.jpg,rivers
ANd9GcRm-t0PkztEycv-bvgC074deR5luJjLMEcgMX05d7UsSxdbGVoQeg.jpg,rivers
ANd9GcRM6wBNLAu2fGcNtwhZWER9HSV5VObogHInADnPYCOAjMIkmFfWvA.jpg,rivers
ANd9GcRMDGzn7Q6CASpoYJyFmR6Lkv-VvnaP_j6RTGdkNpwSg1Zd7Zhz1g.jpg,sunsets
ANd9GcRnL5jGGaGX7Dka7rBiS0HB__vIdktwTv69P1FOB2a3eZ_A7-E1.jpg,trees_and_forest
ANd9GcRnlrFLqJ6PqoTEHTtTSgFe2PPt3iPfT9fPBm2dxY_EVubFSbHL.jpg,trees_and_forest
ANd9GcRNQDDlRRerbyCVEm1-ixzePxl1WoyDlyDmCPUHjZ1IHis-L44R_Q.jpg,rivers
ANd9GcRNqNFV9XD8qS8ed-r0a61AUeDqZXSDL93sRqNzOWecjAVBI0czoA.jpg,cloudy_sky
ANd9GcROAWDsg_3Sxz2hR6fPSX39Kvbqt-skVrrvdlXUEsj2mOiVJSG7BQ.jpg,cloudy_sky
ANd9GcRObtPifNQmDMlNJIO9H3esYEdLPYKso-oeHrhG9K_B-GS5GRk9.jpg,sunsets
ANd9GcRoKWQl2yL_IZzfkdOpSaBL2WTv7Xczpv6gq2U3z4z5Yh7Cl4GU-A.jpg,rivers
ANd9GcRp6X9oclsADwUMxHUdzOFsTxHz2-PJM0qoy9CcTEjiTGzD3E-a4g.jpg,trees_and_forest
ANd9GcRPinvcLyKfPxfFFXFVfY_R_06U0a-vlF_MVeDthlH2G_CX_lk3.jpg,cloudy_sky
ANd9GcRpplyVeK11B8IclQUnMfNPY83GDb1soOmhAfpnzXL2PtpnnifS.jpg,cloudy_sky
ANd9GcRpRkdLD1XKK4IJxPnvkQ_Gl_TrqYVpNE1NbGb8ZuY4nBhItrIX.jpg,rivers
ANd9GcRPXfXW-2UPoWI-XxpE56S3hI7xrPRr_D4RLEwWeyeH8y6b7nDE.jpg,cloudy_sky
ANd9GcRqHeQQ1fb6xaYTVcsLOLGiyZqjicMzKCUzA8R9vHP0fCVetD_K.jpg,sunsets
ANd9GcRR_z4ZZghtNlcOMSVXHspdDJC-G5vSLcCfCkzsDC2EBowQ0Z8z.jpg,cloudy_sky
ANd9GcRrk6pdCQqcCIXSKqSFEtbx_4lo-KEdLpGtwt6jx2mz0AACmS3Jgg.jpg,sunsets
ANd9GcRrKFdh53X21eFpOLDu8xxaJfg1YE294ohXmub5ri9ArhwXX126.jpg,trees_and_forest
ANd9GcRSDnabysbXffxD4zqQlX70doRpAKqNAgZORnvUZ7L8qMV1BeX8gA.jpg,sunsets
ANd9GcRsiWgVkOjYa-g7CR5oDNClXbb3Lxs-d6bSqCXHAsMc5KVVAOypBA.jpg,rivers
ANd9GcRt-EtR7nBhP8sQ-ns7QovkTbYV8fY08yhjVicOPXzcG-c9EfYpWA.jpg,sunsets
ANd9GcRtdrxnZOg3VSjjaZA4J4UR3eDPU_q70X-GSh4vZKdl4CzYmX1QHA.jpg,trees_and_forest
ANd9GcRtk89HaQdb2w0xnlw5RvxHpOqTwdiYvJE-XpsoofT5OdXKAO4Y.jpg,rivers
ANd9GcRTlBkCs6ILmDyfytCztisiE9r459O9SbJYxvNoX95wO6lwCJdKhA.jpg,sunsets
ANd9GcRtXCCfxlThksfROeK0B6OG5NcNEfNMcZuJIrJT1jxMC1b2ywl8Cg.jpg,sunsets
ANd9GcRUegvhuBSU4Zw5xwafsCI5Cn9x1bRlw5FXGEC03nWnzCITGzGP.jpg,trees_and_forest
ANd9GcRUjrI5osuyps5PNBzUJ4jS4DK50xbc-LL7RUTaHNvdJpsPgbEx.jpg,rivers
ANd9GcRupsMunpBTMlCf_kbwy9UFj81SpVUBkgLRK6-AUrSUYkDUa1RMlA.jpg,sunsets
ANd9GcRva6jwlq1JGNWDrFy1TNybcAdxtlqHPi6xJe69sY1mSTplhlge.jpg,sunsets
ANd9GcRVJ4E7UMNi_hN5lYyv9GiBFS6dtdKy7XGCPt4cP8nz-rPPLx08.jpg,trees_and_forest
ANd9GcRVPDByXHkienB4LbA5CZMabGeQiyKBuPTiHA_rHFm7Guvns5fS.jpg,sunsets
ANd9GcRvWK8hHZZt1qaYYrnYZ1q3FldRSVvt-b5gE0Iqw25v4w2YjHW2.jpg,trees_and_forest
ANd9GcRw4TDxB7GKkYu7KnzXa3a4WPQ_DsuZWX_6o3fpgwGE13CSW_i3.jpg,rivers
ANd9GcRX4Inf0Bs1b6tKTjxfbjB17lVF0bMxZuPQHY529g5Sk_o_wmUm.jpg,cloudy_sky
ANd9GcRXLeOcV5_w52ifTfuIfQoMIDqWXHcETQ5CPBn7tAxz8EDW59depQ.jpg,trees_and_forest
ANd9GcRXQYJeMTkySOFt9e4-E-PLninohDK5nTDEAMUT202t7mF0cdYDfA.jpg,sunsets
ANd9GcRY_5EabJ_ldLD7_KAD7L3wicsSIWOEr2FnOJUkbDN4fHQlNolWUQ.jpg,sunsets
ANd9GcRyNyPaaWPp65jF-ZB-z2Zs1I2tOTk4DkftnbbNvQwqrNsPcPSQ.jpg,sunsets
ANd9GcRZrm1NcPNfbhAfaSwPKDZTOXBptle-yLbfq8TCIolWNXqgwIpWEQ.jpg,cloudy_sky
